SMILES,Probability,Prediction
COc1cc2ncnc(Nc3ccc(F)c(Cl)c3)c2cc1OCCCN1CCOCC1,0.20270549,0
C=CCCCCCCC,0.1513841,0
ClC(Cl)=C(Cl)Cl,0.13862507,0
CN(C)CCO[C@](C)(c1ccccc1)c1ccc(Cl)cc1,0.001348989,0
CN1CCN(C(=O)O[C@@H]2C3=C(SCCS3)C(=O)N2c2ccc3ccc(Cl)nc3n2)CC1,0.029694606,0
Cc1[nH]ccc2c1[nH]c1cc(=O)ccc12,0.90315086,1
CSc1ccc2c(c1)N(CC[C@H]1CCCCN1C)c1ccccc1S2,0.0362332,0
CCN[C@@H](Cc1ccccc1)[C@H]1CCCO1,0.00036378996,0
CNC1CCc2[nH]c3ccc(C(N)=O)cc3c2C1,0.040278576,0
C[N+]1([O-])[C@H]2CC[C@H]1CC(OC(=O)[C@@H](CO)c1ccccc1)C2,0.016443448,0
CNS(=O)(=O)Cc1ccc2[nH]cc(CCN(C)C)c2c1,0.008294983,0
CC[C@]1(c2ccccc2)CCC(=O)NC1=O,0.06855723,0
CCC[C@](C)(O)C1C[C@@]23C=C[C@]1(OC)[C@@H]1Oc4c(O)ccc5c4[C@@]12CCN(C)[C@@H]3C5,0.003458118,0
CCC(=O)O[C@]1(C(=O)COC)[C@@H](C)C[C@H]2[C@@H]3CCC4=CC(=O)C=C[C@]4(C)[C@@]3(F)[C@@H](O)C[C@@]21C,0.025644666,0
CO[C@H]1CC[C@@H]2C3Cc4ccc(O)c5c4C2(CCN3C)[C@@H]1O5,0.0063884994,0
O=C1CNC(=O)N1,0.013830303,0
COC(=O)C[C@@H](c1ccc2c(c1)OCO2)c1cc2c(cc1O)OCO2,0.36181667,0
Cc1cn(-c2cccc(Nc3ncnc4c3CCc3ccccc3-4)c2)cn1,0.9415257,1
Cc1cnn(C2CCN(c3nc4ccccc4n3Cc3ccc(F)cc3)CC2)c1,0.52535397,1
CNCCC=C1c2ccccc2C2CC2c2ccccc21,0.00888152,0
CN(C)CC[C@@H](c1ccccc1)C1CCCCC1,0.018154543,0
CCC1(CC)C(=O)NCC(C)C1=O,0.10962621,0
C[C@]12C[C@@H](O)[C@@]3(F)[C@@H](C[C@H](F)C4=CC(=O)C=C[C@@]43C)[C@@H]1C[C@H](O)[C@]2(O)C(=O)CO,0.0013118496,0
C[C@H]1C[C@@H]2[C@H]([C@@H](O)CC3(C)[C@@H](C(=O)O)CC[C@@H]23)C2(C)CCC(=O)C=C12,0.28008085,0
CN[C@H](C)CC1CCCCC1,0.03403378,0
CCCC(=O)O[C@@]1(C(=O)COC(C)=O)CC[C@@H]2[C@H]3C[C@@H](F)C4=CC(=O)C=C[C@@]4(C)[C@]3(F)[C@@H](O)C[C@]21C,0.02863657,0
C[C@]12C[C@H](O)[C@H]3[C@@H](CCC4=CC(=O)CC[C@@]43C)[C@@H]1CC[C@]2(O)C(=O)COC(=O)CCC1CCCC1,0.27693698,0
CCN1CCCC1CNC(=O)c1cc(C(C)=O)ccc1OC,0.0127749825,0
CC1CC2C3CCC4=CC(=O)C=CC4(C)C3(F)C(O)CC2(C)C1(O)C(=O)CCl,0.0126708895,0
O=NN(CCCl)C(=O)NCCCl,0.01665244,0
c1ccc2oc(-c3ccncc3)cc2c1,0.7684756,1
CC(C)C(O)C1CCCCC1,0.43976957,1
COC1=CC=C2[C@H]3Cc4ccc(OC)c5c4[C@@]2(CCN3C)[C@H]1O5,0.0010584984,0
OCc1ccccc1,0.0015604723,0
CC(C)(C)N1CCC(c2ccccc2)(c2ccccc2)CC1,0.0014686686,0
CCCCO,0.041883275,0
C=CC1O[C@H]2C[C@H]3[C@@H]4CCC5=CC(=O)C=CC5(C)C4(F)C(O)CC3(C)C2(C(=O)CO)O1,0.0010775925,0
C=CCN1CCC23c4c5ccc(O)c4O[C@@H]2C2(OC)C=CC3(C[C@H]2C(C)(O)CCC)C1C5,0.0021025334,0
CCOc1ccc(N([C@@H](CC)C(=O)Nc2c(C)cccc2CC)S(C)(=O)=O)cc1,0.39947867,0
Cc1cc(C)c(/C=C2\C(=O)Nc3ccccc32)[nH]1,0.6460064,1
O=C(Cc1ccc(OCc2ccccc2)cc1)Nc1ccc2cnn(CCN3CCCC3)c2c1,0.037798483,0
C,0.015023108,0
C[C@@H]1C[C@H]2[C@@H]3C[C@H](F)C4=CC(=O)C=C[C@]4(C)[C@@]3(F)[C@@H](O)C[C@]2(C)[C@@]1(O)C(=O)SCCl,0.0026359379,0
CC(=O)OCC(=O)[C@]1(O)[C@H](C)C[C@@H]2[C@H]3CCC4=CC(=O)C=C[C@@]4(C)[C@]3(F)[C@@H](O)C[C@]21C,0.01768949,0
COc1cccc(C(=O)NC2C[C@@H]3CC[C@@H](C2)N3Cc2ccccc2)c1OC,0.0076543917,0
C=CCC1([C@@H](C)CC)C(=O)NC(=O)NC1=O,0.07322037,0
C[C@]12C[C@H](O)[C@H]3C(C=C(Cl)C4=CC(=O)C=C[C@@]43C)[C@@H]1CC[C@]2(O)C(=O)CO,0.016560614,0
c1ccc2c(c1)cc1n2CCCNC1,0.010674379,0
CN1CCCC[C@H]1CCN1c2ccccc2Sc2ccc([S+](C)[O-])cc21,0.03247772,0
NC/C(=C/F)CCc1ccc(F)cc1,0.0002771954,0
COc1ccc2c(c1OC)C(=O)O[C@H]2[C@@H]1c2c(cc3c(c2OC)OCO3)CCN1C,0.10400734,0
CN(C/C=C/C#CC(C)(C)C)Cc1cccc2ccccc12,0.0014320087,0
CN1CCN2c3ccccc3Cn3cccc3[C@@H]2C1,0.0008293355,0
C[N+]1([O-])[C@H]2CC[C@@H]1CC(OC(=O)C(CO)c1ccccc1)C2,0.016443448,0
O=C1CC[C@@H](C(=O)N[C@@H]2C[C@H]2c2ccccc2)N1,0.004493678,0
O=C(C[C@H]1C[C@H]2CC[C@@H]1C2)NC[C@@H](O)c1ccccc1,0.080187574,0
N=C(N)SCCF,8.420382e-06,0
O=C(CN1CCCC1=O)NNC(=O)CN1CCCC1=O,0.007485114,0
CCC(NC(=O)c1c(C)c(-c2ccccc2)cc2ccccc12)c1ccccc1,0.18986012,0
c1csc(Cc2ccccc2OCC2CNCCO2)c1,0.0006639713,0
COC1=C(OC)C(=O)C(CCCCCCCCCCO)=C(C)C1=O,0.3757754,0
CC[S@@]1(O)C(=O)OCc2c1cc1n(c2=O)Cc2cc3ccccc3nc2-1,0.95005375,1
CN(C)C(=O)C1(c2ccc(Cl)cc2)CCN(CCCC(=O)c2ccc(F)cc2)CC1,0.017897211,0
C=C1C[C@H](C)[C@H]2[C@H]3Cc4ccc(O)cc4[C@@]2(CCN3CC2CCC2)C1,0.011514894,0
CCCCCC(=O)CC[C@]1(C)[C@@H]2Cc3ccc(O)cc3[C@@]1(C)CCN2C,0.029763348,0
C[C@@H]1C[C@H]2[C@@H]3C[C@H](F)C4=CC(=O)C=C[C@]4(C)[C@@]3(Cl)[C@@H](O)C[C@]2(C)[C@H]1C(=O)CO,0.017351842,0
CCCCCCCCCCCCCCCCCCOCC(COP(=O)(O)OCC[N+](C)(C)C)OC,0.02977788,0
CCC(=O)OCC(=O)[C@@]1(OC(=O)CC)[C@H](C)C[C@H]2[C@H]3[C@H]([C@@H](O)C[C@@]21C)[C@@]1(C)C=CC(=O)C=C1C[C@H]3Cl,0.06947567,0
COC(=O)[C@@H]1C(=O)C=C(Nc2cccc(OC(F)(F)F)c2)C[C@H]1C,0.0075568766,0
NC(=O)CN1C(=O)[C@@H](c2ccccc2)c2ccccc21,0.09385925,0
CN1CCN(CCCN2c3ccccc3Sc3ccccc32)CC1,0.0007008928,0
CN1CC[C@]23c4c5ccc(OC(=O)c6cccnc6)c4O[C@H]2[C@H](OC(=O)c2cccnc2)C=C[C@H]3[C@H]1C5,0.059659168,0
CN1CC[C@@]23CCCC[C@@H]2[C@@H]1Cc1ccc(O)cc13,0.0138694905,0
CC(C)N[C@H]1C2CCC(CC2)[C@]1(O)c1ccc(Cl)c(Cl)c1,0.029189486,0
C[C@H]1C[C@H]2[C@@H]3C[C@H](F)C4=CC(=O)C=CC4(C)C3(F)[C@@H](O)CC2(C)C1(O)C(=O)COC(=O)C(C)(C)C,0.017181322,0
c1ccc2c(c1)[nH]c1cnccc12,0.8649374,1
CCCCn1c(=O)c2c(ncn2CC(C)=O)n(CCCC)c1=O,0.9814673,1
Clc1ccc(N2CCN(C/C=C/c3ccccc3)CC2)nn1,0.0036789756,0
C/C=C/CC(C)C(O)C1C(=O)NC(CC)C(=O)N(C)CC(=O)N(C)C(CC(C)C)C(=O)NC(C(C)C)C(=O)N(C)C(CC(C)C)C(=O)NC(C)C(=O)NC(C)C(=O)N(C)C(CC(C)C)C(=O)N(C)C(CC(C)C)C(=O)N(C)C(C(C)C)C(=O)N1C,0.020443555,0
CCOC(=O)N1CCC(=C2c3ccc(Cl)cc3CCc3cccnc32)CC1,0.23266283,0
CCCCCN[C@@]12C=CC(=O)[C@@H]3Oc4c(O)ccc5c4[C@@]31CCN(C)[C@@H]2C5,0.0008715408,0
CN1CCN(C(=O)OC2C3=C(SCCS3)C(=O)N2c2ccc3ccc(Cl)nc3n2)CC1,0.029694606,0
CCC[C@@](C)(O)[C@H]1C[C@]23C=C[C@@]1(OC)[C@H]1Oc4c(O)ccc5c4[C@@]12CCN(C)[C@@H]3C5,0.003458118,0
C[C@H](C(=O)O)c1ccc(N2Cc3ccccc3C2=O)cc1,0.3204664,0
CCN1CC[C@]23[C@@H]4C=C[C@H](O)[C@@H]2OC2=C(O)C=C[C@H](C[C@@H]41)[C@@H]23,0.00019691259,0
COC[C@H]1CN=C(c2ccccc2Cl)c2cc(Br)ccc2N1C,0.10662498,0
c1cc2c(c(N3CCNCC3)c1)OCCO2,0.0014129617,0
COC(=O)C1C(=O)C=C(Nc2cccc([N+](=O)[O-])c2)CC1C,0.2573729,0
O=c1[nH]c2ccccc2c(=O)n1CCN1C[C@H]2[C@@H](c3ccc(F)cc3)C[C@H]2C1,0.12915091,0
CC(=O)N1CCN(c2ccc(OC[C@@H]3CO[C@@](Cn4ccnc4)(c4ccc(Cl)cc4Cl)O3)cc2)CC1,0.013148684,0
COC(=O)[C@@H]1C(O)=CC(Nc2cccc(OC(F)(F)F)c2)=C[C@@H]1C,0.0019524985,0
c1ccc(Cn2cc(CCc3ccncc3)c3ccccc32)cc1,0.10070103,0
CC[C@@H](C(=O)OCCN1CCO[C@@H](c2ccccc2)[C@@H]1C)c1ccccc1,0.0005860011,0
C[C@@H](CN(C)C)CN1c2ccccc2Sc2ccc(C(F)(F)F)cc21,0.008654322,0
O=C(Cc1ccc(Cl)c(Cl)c1)N1CCn2ccnc2[C@@H]1CN1CCCC1,0.022582384,0
CC(=O)OCC(=O)C1(O)[C@@H](C)C[C@H]2[C@@H]3C[C@H](F)C4=CC(=O)C=CC4(C)[C@H]3[C@@H](O)CC21C,0.030585852,0
COc1ccc2c(c1)CN(C)C[C@H]2c1ccc(Cl)c(Cl)c1,0.020313859,0
CC(C)n1cc2c3c(cccc31)C1CC(C(=O)NC3CCCCC3)CN(C)C1C2,0.02874945,0
Cc1c(O)cccc1C(=O)N[C@@H](CSc1ccccc1)[C@@H](O)CN1CC2CCCCC2C[C@H]1C(=O)CNC(C)(C)C,0.003975282,0
CC(C)OCC(COC(C)C)OCn1cnc2cnc(N)nc21,0.16522922,0
CC(=O)OCC(=O)C1(O)C(C)CC2C3CC(F)(F)C4=CC(=O)C=CC4(C)C3(F)C(O)CC21C,0.00561627,0
CC(=O)c1ccc2c(c1)N(CC(C)N(C)C)c1ccccc1S2,0.045085084,0
C[C@@H](O[C@H]1OCCN(Cc2n[nH]c(=O)[nH]2)[C@H]1c1ccc(F)cc1)c1cc(C(F)(F)F)cc(C(F)(F)F)c1,0.00039136835,0
Clc1cccc(Cl)c1NC1N=CCN1,0.00032674774,0
C[C@H]1C[C@H]2[C@@H]3C[C@H](F)C4=CC(=O)C=CC4(C)C3(F)[C@@H](O)CC2(C)C1C(=O)CO,0.0140320975,0
Clc1ccc2[nH]nc(NC3CCN(Cc4ccc5c(c4)OCO5)CC3)c2c1,0.08602325,0
Oc1ccc2c3c1O[C@H]1[C@H](O)CC[C@]4(O)[C@@H](C2)N(CC2CCC2)CC[C@]314,0.008397284,0
O=C1CC[C@@]2(CCC(=O)c3ccccc32)C(=O)N1,0.3295052,0
C[C@@H]1C[C@H]2[C@@H]3C[C@H](F)C4=CC(=O)C=C[C@]4(C)[C@@]3(F)[C@@H](O)C[C@]2(C)[C@@]1(O)C(=O)CO,0.0047269827,0
O=C1Nc2ccc(Cl)cc2C(c2ccccc2)=NC1O,0.26142988,0
COc1ccc2c3c1O[C@H]1C(=O)CC[C@@]4(O)[C@@H](C2)N(C)CC[C@@]314,0.004366091,0
CN1CN(c2ccccc2)C2(CCN(CCCC(=O)c3ccc(I)s3)CC2)C1=O,0.001225456,0
C[C@H](N)C(=O)c1ccccc1,0.00090342393,0
CC(=O)OCC(=O)C1C(C)CC2C3CC(F)C4=CC(=O)C=CC4(C)C3(Cl)C(O)CC21C,0.03148325,0
O=C(O)Cc1ccc2c(c1)C(=O)c1ccccc1CO2,0.5635793,1
CCCCCc1cc(O)c2c(c1)OC(C)(C)C1CCC(C)=CC21,0.2618508,0
Oc1ccc2c(c1)C13CCCCC1(O)C(C2)N(CC1CC1)CC3,0.010230349,0
CCCCCCCCCC(=O)OC1(c2ccc(Br)cc2)CCN(CCCC(=O)c2ccc(F)cc2)CC1,0.07784982,0
O=C1CC[C@@](c2ccccc2)(C2CCN(C/C=C/c3ccccc3)CC2)C(=O)N1,0.0037322417,0
CCCC(=O)OCC(=O)[C@@]1(OC(=O)CC)CC[C@H]2[C@@H]3CCC4=CC(=O)CC[C@]4(C)[C@H]3[C@@H](O)C[C@@]21C,0.24747995,0
O=[N+]([O-])c1[nH]ccc1NCCSCc1ncccc1Br,0.38851976,0
COc1cc2oc(C)nc2cc1CNC1CCCNC1c1ccccc1,0.0069758776,0
CC(C)=CCN1CC[C@@]23c4c5ccc(O)c4O[C@H]2C(=O)CC[C@@]3(O)[C@H]1C5,0.0019611164,0
CCCC1(C)COB(c2ccc(C)cc2)OC1,0.016984632,0
CC1CCCCC1,0.84942913,1
CC(=O)O[C@H]1Cc2ccccc2[C@@H](C(N)=O)c2ccccc21,0.040735137,0
CN(C(=O)CN(CCO)CCO)c1ccc(Cl)cc1C(=O)c1ccccc1Cl,0.026420398,0
CC(=O)OCC(=O)[C@@]1(O)[C@H](OC(C)=O)C[C@H]2[C@@H]3CCC4=CC(=O)C=C[C@]4(C)[C@@]3(F)[C@@H](O)C[C@@]21C,0.0127472095,0
c1ccc(C2CN=C3NCCN32)cc1,0.00026515368,0
CC(C)(C)[C@@]1(O)CCN2C[C@H]3c4ccccc4CCc4cccc(c43)[C@H]2C1,0.005992392,0
C=CCN1CCC23c4c5ccc(O)c4OC2C2(OC)C=CC3(CC2[C@](C)(O)CCC)C1C5,0.0021025334,0
Cc1cn([C@@H]2C=C[C@@H](CO)O2)c(=O)[nH]c1=O,0.018444978,0
[Li],0.00011782164,0
COc1cc2sc(C(C)(C)C)nc2cc1CN[C@H]1CCCN[C@H]1c1ccccc1,0.0100983055,0
CCCCC(=O)O[C@]1(C(=O)CO)CC[C@H]2[C@@H]3CCC4=CC(=O)CC[C@]4(C)[C@H]3[C@@H](O)C[C@@]21C,0.20759633,0
O=C1CCC(C(=O)N2CCCCC2)N1,0.030589586,0
COc1cc2sc(C)nc2cc1CNC1CCCNC1c1ccccc1,0.0055876747,0
CCCC(=O)OC1(C(=O)CCl)C(C)CC2C3CCC4=CC(=O)C=CC4(C)C3(F)C(=O)CC21C,0.089191206,0
CC[C@H](C)C(=O)O[C@H]1CCC=C2C=C[C@H](C)[C@H](CC[C@@H]3C[C@@H](O)CC(=O)O3)[C@H]21,0.063739024,0
CN1CCc2cc(Cl)c(O)cc2[C@H](c2cc(Br)cc3c2OCC3)C1,0.030396624,0
CCCCC(=O)O[C@]1(C(=O)CO)CC[C@H]2[C@@H]3CCC4=CC(=O)C=C[C@]4(C)[C@H]3[C@@H](O)C[C@@]21C,0.10312024,0
OCc1ncc2n1-c1ccc(Cl)cc1C(c1ccccc1F)=NC2,0.9630213,1
CC12C=CC(=O)C1C(=O)CCC1C2C(O)CC2(C)C1CCC2(O)C(=O)CO,0.074633755,0
N=c1nc(N2CCCCC2)ccn1O,0.6920527,1
CCC1(CC)C(=O)NC=C(C)C1=O,0.053539023,0
CCCC(C)(COC(N)=O)COC(=O)NC,0.15905699,0
CC(C)NC[C@H](O)COc1cccc2[nH]ccc12,0.0016517814,0
O,1.615174e-06,0
CCC1(O)CC(OC2CC(N3CCOCC3)C(O)C(C)O2)c2c(O)c3c(c(O)c2C1O)C(=O)c1cccc(O)c1C3=O,0.007867229,0
CC1CCN(CCC2CCN2S(=O)(=O)C2=CC(O)=CCC2)CC1,0.001427867,0
C[C@H]1CN2CC(=O)Nc3ccc(Cl)cc3C2(c2ccccc2)O1,0.0029941425,0
CCC[C@H]1O[C@H]2C[C@H]3[C@H]4C[C@H](F)C5=CC(=O)C=C[C@@]5(C)[C@@]4(F)[C@H](O)C[C@@]3(C)[C@]2(C(=O)O[C@H](C)OC(=O)OCC)O1,0.00564596,0
COc1ccc(C(C)C)cc1CN[C@H]1C2CCN(CC2)[C@H]1C(c1ccccc1)c1ccccc1,0.0011687536,0
CC(C)(C)[N+](O)=Cc1cc[n+]([O-])cc1,0.0990322,0
CNCCC[C@@]1(C)C(=O)N(c2ccccc2)c2ccccc21,0.042400226,0
OCCN1CCN(CCCN2c3ccccc3Sc3ccc(C(F)(F)F)cc32)CC1,0.00018567541,0
CCC1(c2ccccc2)OCC(C2CCCCN2)O1,0.00031306918,0
CC(=O)CC(=O)[C@@]12OC(C)(C)O[C@H]1C[C@H]1[C@H]3CC(C#N)=C4C=C(OCCCl)CC[C@@]4(C)[C@@]3(F)[C@H](O)C[C@]12C,0.0026404297,0
COc1ccc2c3c1O[C@@H]1C(OC(C)=O)=CC[C@@H]4C(C2)N(C)CCC314,0.008442537,0
COc1ccc(-c2cc(NCCO)c3ccccc3n2)cc1,0.23400037,0
CC12C=CC(=O)C=C1CC[C@H]1[C@@H]3CCC(O)(C(=O)CO)C3(C)C[C@H](O)C12F,0.0071526705,0
CC[C@@H](C)[C@@H](CO)NC(=O)CCc1nnc(-c2ccccc2)o1,0.28877267,0
C[C@H](CN(C)C)CN1c2ccccc2S(=O)(=O)c2ccccc21,0.100933634,0
Cc1cc(NC(=O)C2=C(O)c3ccccc3S(=O)(=O)[C@@H]2C)no1,0.9767129,1
CC(=O)OCCN1CCN(CCCN2c3ccccc3Sc3ccc(Cl)cc32)CC1,0.0024032143,0
Cc1nc2cc(CNC3CCCNC3c3ccccc3)c(OC(C)C)cc2s1,0.0100917965,0
C[C@@]12CCC(=O)C=C1CC[C@H]1[C@H]2[C@H](O)C[C@]2(C)[C@@H]1CC[C@@]2(O)C(=O)CO,0.07631918,0
Clc1ccc([C@H]2[C@H]3CC[C@@H](C3)[C@@]23CCC(N2CCOCC2)=N3)cc1,0.021645399,0
O=C(NCCCCN1CCC(Nc2cccc(C(F)(F)F)c2)CC1)c1ccc(Br)cc1,0.0017341527,0
CCOC(=O)O[C@]1(C(=O)OCCl)CC[C@@H]2[C@H]3CCC4=CC(=O)C=C[C@]4(C)[C@@H]3[C@H](O)C[C@@]21C,0.08218603,0
C[C@]12C[C@H](O)[C@H]3[C@@H](CCC(=O)C4C(=O)C=C[C@@]43C)[C@@H]1CC[C@]2(O)C(=O)CO,0.074633755,0
Cc1ccc(/C(=C/CN2CCCC2)c2ccccn2)cc1,0.009444914,0
N#Cc1cccc(C2=Nc3ccc(C#Cc4ccccc4)cc3NC(=O)C2)c1,0.14206876,0
CC(=O)[C@@]1(O)CC[C@H]2[C@@H]3C[C@H](C)C4=CC(=O)C=C[C@]4(C)[C@@]3(F)[C@@H](O)C[C@@]21C,0.015394029,0
C=CCN1CCC23c4c5ccc(O)c4O[C@H]2C2(OC)C=CC3(C[C@@H]2C(C)(O)CCC)C1C5,0.0021025334,0
N[C@@H]1C[C@H]1c1ccccc1,9.89372e-05,0
C=CCC1([C@@H](C)C#CCC)C(=O)NC(=O)N(C)C1=O,0.013134497,0
CC12CCC(=O)C=C1CCC1C2CCC2(C)C(O)CCC12,0.35670084,0
COc1ccc([C@H]2[C@@H](S(=O)(=O)c3ccccc3)[C@]2(C#N)C=O)cc1,0.053647514,0
CC/C(=C(/c1ccccc1)c1ccc(OCCN(C)C)cc1)c1ccccc1,0.009893163,0
CCCCCCCCC1(CC)C(=O)NC(=O)NC1=O,0.531785,1
CCCCOCC(CN1C(=O)N(CC(COCCCC)OC(N)=O)C(=O)C(CC)(c2ccccc2)C1=O)OC(N)=O,0.0832022,0
O=C(Nc1ccc(O)cc1)C(Cl)(Cl)Cl,0.010739503,0
O=C(CCCN1CCN(C(=O)OC2CCCCC2)CC1)c1ccc(F)cc1,0.023881353,0
Cc1cc(-c2ccccc2)nnc1NCCN1CCOCC1,0.004734657,0
CC(N)Cc1ccccc1,0.00012712908,0
CCC(=O)C(c1ccccc1)(c1ccccc1)[C@@H](C)CN(C)C,0.006425046,0
Cc1cn(C2C=CC(CO)O2)c(=O)[nH]c1=O,0.018444978,0
CC(=O)OCC(=O)[C@@]1(O)CC[C@H]2[C@@H]3CCC4=CC(=O)C=C[C@]4(C)[C@H]3[C@@H](O)C[C@@]21C,0.048404783,0
COc1ccc(OC(F)(F)F)cc1CNC1CCCNC1c1ccccc1,0.00011650323,0
C[C@H]1C[C@H]2[C@@H]3C[C@H](F)C4=CC(=O)C=CC4(C)C3(Cl)C(O)CC2(C)C1C(=O)COC(=O)C(C)(C)C,0.04833733,0
CN(c1nc2ccccc2s1)C1CCN(C[C@H](O)COc2ccc(F)c(F)c2)CC1,0.030810582,0
C[C@@]12CCCCC[C@@H](Cc3ccc(O)cc31)[C@@H]2N,0.03876601,0
CC(=O)c1ccc([C@H](O)[C@H](CO)NC(=O)C(Cl)Cl)cc1,0.0010477534,0
Clc1ccc2c(c1)[C@H]1CCNC[C@@H]1c1ccccc1O2,0.021938844,0
CC(=O)O[C@@H]1C[C@H]2C(COC(=O)CC(C)C)=CO[C@@H](OC(=O)CC(C)C)[C@@H]2[C@]12CO2,0.04259619,0
CC(C)(C)NC[C@@H](O)c1ccccc1F,0.00050813425,0
C1=C(CC2=NCCN2)CCc2ccccc21,0.0015291163,0
CC(C)(C)CC(=O)OCC(=O)[C@@]1(O)CC[C@@H]2[C@H]3CCC4=CC(=O)C=C[C@@]4(C)[C@@H]3[C@H](O)C[C@@]21C,0.07959725,0
C[C@H]1C[C@H]2[C@@H]3C[C@H](F)C4=CC(=O)C=CC4(C)C3(F)[C@@H](O)CC2(C)C1(O)C(=O)CO,0.0047269827,0
CC1CC2C3CC(F)C4=CC(=O)C=CC4(C)C3(F)C(O)CC2(C)C1(O)C(=O)COC(=O)C(C)(C)C,0.017181322,0
COCC1CN(c2ccc(OCCC(O)C(F)(F)F)cc2)C(=O)O1,0.002575934,0
O=C1NCCC[C@H]1N1C(=O)c2ccccc2S1(=O)=O,0.6983679,1
CC1COc2c(N3CCN(C)CC3)c(F)cc3c(=O)c(C(=O)O)cn1c23,0.17665787,0
CN1C[C@@H](C(=O)N[C@]2(C)O[C@@]3(O)[C@@H]4CCCN4C(=O)[C@@H](Cc4ccccc4)N3C2=O)C=C2c3cccc4[nH]cc(c34)C[C@@H]21,0.00070150057,0
CSc1nn2c(N3CCNCC3)c3c(nc2c1S(=O)(=O)c1ccccc1)CCC3,0.4033114,1
CCCCC/C(=N/OCCN)c1ccc(C)c(N)c1,0.03450156,0
CC1CC2C(C(O)CC3(C)C2CCC3(O)C(=O)COC(=O)CCC(=O)O)C2(C)C=CC(=O)C=C12,0.05293608,0
CN(C)CC(=O)N1c2ccccc2Sc2ccccc21,0.06277034,0
COc1cc2c(cc1OC)S(=O)(=O)O[C@H](C(=O)N[C@@H](C)CC(C)(C)N(C)C)C2,0.016151343,0
C/C=C/C(=O)N(CCC)[C@H](CC)C(=O)N(C)C,0.019700669,0
Cc1cccc(Cl)c1NC(=O)/C=C1/SCC(=O)N1C,0.10073266,0
CC(C)NS(=O)(=O)CCN1C(=O)c2ccccc2C1=O,0.5440972,1
FS(F)(F)(F)(F)F,5.587074e-14,0
Cc1ncsc1CCC(=O)N[C@@H](c1cnn(C)c1)C1CC(O)C1,0.25130635,0
CNC(=O)NC(O)C(Cl)(Cl)Cl,5.888006e-06,0
CCN(C)C(=O)Oc1cccc([C@H](C)N(C)C)c1,0.0057283696,0
CSC(=O)[C@@]1(O)[C@H](C)C[C@H]2[C@@H]3C[C@H](F)C4=CC(=O)C=C[C@]4(C)[C@@]3(F)[C@@H](O)C[C@@]21C,0.0042088274,0
C=C(C)CNCC(=O)N(C)c1ccc(Cl)cc1C(=O)c1ccccc1,0.030567413,0
CC(=O)OCC1=COC(OC(=O)CC(C)(C)OC(C)=O)C2C1=CC(OC(=O)CC(C)C)C21CO1,0.015037959,0
CC(=O)OCC(=O)[C@@]1(O)[C@H](C)CC2C3CCC4=CC(=O)C=C[C@]4(C)[C@@]3(F)[C@@H](O)C[C@@]21C,0.01768949,0
CCCC(C)(O)C1CC23C=CC1(OC)[C@H]1Oc4c(OC(C)=O)ccc5c4C12CCN(C)C3C5,0.00782355,0
CN1CC(C(=O)NC2(C)OC3(O)C4CCCN4C(=O)C(Cc4ccccc4)N3C2=O)C=C2c3cccc4[nH]cc(c34)CC21,0.00070150057,0
Cn1nc(-c2cccc(F)c2)n(C)c1=S,0.9883422,1
C[C@@H]1c2ccccc2[C@H](CCCN(C)C)c2cc(C(F)(F)F)ccc21,0.0022411284,0
CCN(C(C)=O)c1cccc(C2=CC=NC3=C(C#N)CNN23)c1,0.0028445025,0
Cc1csc2ccc3[nH]c4c(c3c12)CN(C)CC4,0.08970119,0
CC[C@H]1C(=O)NC(=O)[C@@]1(C)c1ccccc1,0.060717355,0
O=C1CCN=C2C[C@@H](c3ccccc3)CN12,0.0053991484,0
c1cc(CN2CCCCC2)cc(OCCCNc2nc3ccccc3o2)c1,0.06366763,0
COc1ccc(C(C)C)cc1CNC1C2CCN(CC2)C1C(c1ccccc1)c1ccccc1,0.0011687536,0
Clc1ccc(Cl)c(N=C2NCCN2)c1,0.1967358,0
CN(C)CCOC1=Cc2cc(Cl)ccc2Sc2ccccc21,0.034202512,0
FCC(Cl)(Cl)Cl,2.710167e-07,0
NC1[C@H]2CN(c3nc4c(cc3F)c(=O)c(C(=O)O)cn4-c3ccc(F)cc3F)C[C@H]12,0.94848776,1
CCN(CC)S(=O)(=O)N[C@H]1C[C@@H]2c3cccc4[nH]cc(c34)C[C@H]2N(C)C1,0.00041418083,0
O=C(N[C@@H](CO)[C@H](O)c1ccc([N+](=O)[O-])cc1)C(Cl)Cl,0.0030859474,0
C[C@H]1CN2CC(=O)Nc3ccc(Cl)cc3[C@]2(c2ccccc2)O1,0.0029941425,0
O=C1[C@@H]2[C@H]3CC[C@@H](C3)[C@H]2C(=O)N1CCCCN1CCN(c2ncccn2)CC1,0.063497655,0
C=C1CC2C3C=CC4=CC(=O)CCC4(C)C3C(O)CC2(C)C1(O)C(=O)CO,0.010169005,0
CC1(C)O[C@H]2C[C@H]3[C@@H]4C[C@H](F)C5=CC(=O)C=CC5(C)C4(Cl)[C@@H](Cl)CC3(C)C2(C(=O)CF)O1,0.0014533175,0
CC(=O)Oc1ccccc1C(=O)O,0.6314639,1
COc1c2c(cc(F)c1N1C[C@@H]3CCCN[C@@H]3C1)C(=O)C(C(=O)O)=C[C@@H]2NC1CC1,0.017436422,0
CC(C)NCC(O)COc1ccc(CCOCC2CC2)cc1,0.0020117594,0
Cc1cn([C@H]2C=C[C@@H](CO)O2)c(=O)[nH]c1=O,0.018444978,0
CCN(CC)C(=O)c1cccnc1,0.13643748,0
CC(C)(C)NC[C@H](O)COc1nsnc1N1CCOCC1,0.0033845261,0
O=C(O)CNC(=O)c1ccccc1O,0.087698184,0
CNS(=O)(=O)CCc1ccc2[nH]c(C3CCN(C)CC3)cc2c1,0.020712513,0
CN1CN(c2ccc(Br)cc2)C2(CCN(CCCC(=O)c3ccc(F)cc3)CC2)C1=O,0.0066601112,0
COc1ccc2c3c1O[C@@H]1[C@@H](O)CC[C@@H]4[C@H](C2)N(C)CC[C@]341,0.00848621,0
CN1Cc2c(N)cccc2C(c2ccccc2)C1,0.001095595,0
CC[C@@H](C)C1(CC)C(=O)NC(=O)NC1=O,0.3581322,0
CCCC(C)(O)C1CC23C=CC1(OC)C1Oc4c(OC(C)=O)ccc5c4C12CCN(C)C3C5,0.00782355,0
CN1CCCC[C@H]1CCN1c2ccccc2Sc2ccc([S@@+](C)[O-])cc21,0.03247772,0
CCC1(CC)O[C@H]2C[C@@H]3[C@H]4CCC5=CC(=O)C=C[C@@]5(C)[C@]4(F)[C@@H](O)C[C@]3(C)[C@@]2(C(=O)CO)O1,0.004040888,0
CCOC(=O)N1CCN(C(=O)Cc2ccc(Cl)c(Cl)c2)C(CN2CCCC2)C1,0.005364306,0
CCCCC(=O)O[C@]1(C(=O)CO)CCC2C3CC(F)C4=CC(=O)C=CC4(C)C3C(O)CC21C,0.061134208,0
CN1[C@H]2CC(OC(=O)[C@@H](CO)c3ccccc3)C[C@@H]1[C@@H]1O[C@H]12,0.0001337753,0
CC(C)(O)CC(C)(O)c1ccc(Cl)cc1,0.014600081,0
C[C@@]12CCC3=C4CCC(=O)C=C4CC[C@@H]3[C@H]1CC[C@]2(O)CC#N,0.02170761,0
CC(C)CCC[C@H](C)[C@@H]1CC[C@@H]2[C@@H]3CC=C4C[C@@H](O)CC[C@]4(C)[C@@H]3CC[C@]12C,0.46502912,1
C[n+]1ccccc1/C=N/O,0.047886156,0
C=CCN1CCc2nc(N)sc2CC1,0.0013026809,0
NC(=O)c1cnccn1,0.95654404,1
CN1CC[C@]23c4c5ccc(O)c4O[C@H]2C(=O)CC[C@H]3[C@H]1C5,0.015536565,0
N#CCCN1C(=O)C(O)N=C(c2ccccc2F)c2cc(Cl)ccc21,0.20574157,0
COC(=O)[C@H]1[C@H]2C[C@H]3c4[nH]c5ccccc5c4CCN3C[C@H]2C[C@H](OC(=O)c2cc(OC)c(OC)c(OC)c2)[C@H]1OC,0.06654174,0
O=C1CN=C(c2ccccc2F)c2cc(Cl)ccc2N1C[C@H](O)CO,0.3241469,0
CCCN1CCC[C@@H]2Cc3[nH]ncc3C[C@H]21,0.010399511,0
CC12C=CC(=O)C=C1CC[C@H]1[C@@H]3C[C@H]4Cc5ccccc5CC4(C(=O)CO)C3(C)C[C@H](O)C12F,0.023894863,0
CCc1ccccc1-n1c(C)nc2ccccc2c1=O,0.9029817,1
CCCCCCCCC,0.6552363,1
CC(=O)O[C@H]1CC[C@]2(C)C3CC[C@@]4(C)C(CC[C@@H]4[C@H](C)CCCC(C)C)C3C[C@@H](Br)[C@@]2(Br)C1,0.631505,1
C[C@@H]1C[C@H]2[C@@H]3CCC4=CC(=O)C=C[C@]4(C)[C@@]3(Cl)[C@@H](Cl)C[C@]2(C)[C@@]1(O)C(=O)CO,0.012637254,0
Oc1ccc2c(Oc3ccc(OCCN4CCCCC4)cc3)c(-c3ccc(F)cc3)ccc2c1,0.11030087,0
O=C1CN=C(c2ccccc2)c2cc(Cl)ccc2N1CCOCC1CC1,0.45181555,1
CN1CCC23c4c5ccc(O)c4OC2C(=O)CCC3(O)C1C5,0.00331108,0
CC1(C)O[C@H]2C[C@@H]3[C@H]4CCC5=CC(=O)C=C[C@]5(C)[C@@H]4[C@H](O)C[C@]3(C)[C@@]2(C(=O)CO)O1,0.006455919,0
C=C1c2ccccc2CN(CCCN(C)C)c2ccccc21,0.008509971,0
O=S(=O)(c1ccc2cc[nH]c2c1)N1CCC[C@H]1CCN1CCC(Oc2cccc(Cl)c2)CC1,0.024038205,0
CCOC(=O)OCC/C(SC(=O)OCC)=C(/C)N(C=O)Cc1cnc(C)nc1N,0.11730631,0
C[C@@]12CCCCCC(Cc3ccc(O)cc31)[C@@H]2N,0.03876601,0
CN1[C@H](CSCC(F)(F)F)Nc2cc(Cl)c(S(N)(=O)=O)cc2S1(=O)=O,0.004719688,0
NC1=NC(=O)[C@H](c2ccccc2)O1,0.08002269,0
CC(=O)OCC(=O)[C@H]1[C@H](C)C[C@H]2[C@@H]3C[C@H](F)C4=CC(=O)C=C[C@]4(C)C3(Cl)[C@@H](O)C[C@@]21C,0.03148325,0
COc1ccc2c(c1OC)C13CCN(C)C(C2)C1(O)CC[C@H](O)C3,0.0032955064,0
CN[C@@H]1CC[C@@H](c2ccccc2)c2ccccc21,0.0023992737,0
CC1C2Cc3ccc(O)cc3C1(C)CCN2CCc1ccccc1,0.002838906,0
CC(=O)O[C@@H](c1ccccc1)[C@H]1CCCCN1,0.0015929762,0
N[C@@H]1C[C@H]1c1ccc(F)cc1,0.0006258935,0
C[N+]1([O-])C2CCC1CC(OC(=O)C(CO)c1ccccc1)C2,0.016443448,0
CN(C(=O)Cc1ccc(Cl)c(Cl)c1)C1CCCC[C@H]1N1CCCC1,0.02215906,0
CN1C2CCC1CC(OC(c1ccccc1)c1ccccc1)C2,0.0008289282,0
Cc1cc(N(C)C)ccc1C[C@@H](C)N,0.0021808925,0
CC[C@H](OC(N)=O)C1CCCCC1,0.65940475,1
CCc1nn(CCCN2CCN(c3cccc(Cl)c3)CC2)c(=O)n1CC,0.04282963,0
CC(C)(C)C1(O)CCN2CC3c4ccccc4CCc4cccc(c43)C2C1,0.005992392,0
Cc1cccc(Cl)c1NC(=O)C=C1SCC(=O)N1C,0.100883275,0
CN1CCc2cc(Cl)c(O)cc2[C@@H](c2cc(Br)cc3c2OCC3)C1,0.030396624,0
CC(=O)OCC(=O)C12OC3(CCCC3)O[C@H]1C[C@H]1[C@@H]3CCC4=CC(=O)C=CC4(C)C3(F)C(O)CC12C,0.009389352,0
C=CC=C,5.561485e-05,0
Oc1ccc2c(Oc3ccc(OCCN4CCCCC4)cc3)c(-c3cccc(F)c3)ccc2c1,0.11614555,0
O=[N+]([O-])c1nccn1CCCF,0.91879654,1
CC(C)[C@H](N)C(=O)OC[C@@H](CO)OCn1cnc2c(=O)[nH]c(N)nc21,0.110422425,0
CCC[C@H](CC)C1(CC)C(=O)NC(=O)NC1=O,0.44327992,1
COc1ccc2c3c1OC1C(O)C=CC4C(C2)N(C)CCC341,0.0008315381,0
CN1C2CCCC1CC(NC(=O)c1nn(C)c3ccccc13)C2,0.064818904,0
CN1C(CC(=O)c2ccccc2)CCCC1CC(O)c1ccccc1,0.0020926262,0
Cc1ccsc1C(=CCCN1CCC[C@H](C(=O)O)C1)c1sccc1C,0.018909477,0
CN(C)CCO[C@@H](c1ccccc1)c1ccc(Br)cc1,0.00048771044,0
NC(=O)c1cnn([C@@H]2O[C@H](CO)[C@@H](O)[C@H]2O)n1,0.008477156,0
CC(C)NCC(O)COc1ccc(CC(N)=O)cc1,0.00065821485,0
CCC[C@H](C(=O)c1ccc(C)cc1)N1CCCC1,0.010230195,0
CCC(O)(COC(N)=O)c1ccccc1,0.0068819914,0
CCC(=O)O[C@@](Cc1ccccc1)(c1ccccc1)[C@@H](C)CN(C)C,0.0032343827,0
CCOC(=O)CC(O)CC(O)/C=C/C1=C(c2ccc(F)cc2)c2ccccc2OC12CCCC2,0.08495039,0
CCN[C@]1(c2cccs2)CCCCC1=O,0.017256131,0
C=C1C[C@@H]2[C@H]3C=CC4=CC(=O)CC[C@@]4(C)[C@H]3[C@@H](O)C[C@@]2(C)[C@]1(O)C(=O)CO,0.010169005,0
CC1CC2C3CC(F)C4=CC(=O)C=CC4(C)C3(Cl)C(O)CC2(C)C1C(=O)COC(=O)C(C)(C)C,0.04833733,0
COC(=O)c1ccc(C(=O)OC)cc1,0.46259525,1
CCN(CC)CCOC1(c2ccc(Cl)cc2)CCCCC1,0.005957967,0
C=CCc1ccccc1OCC(O)CNC(C)C,0.00036829003,0
CCCCCCCCCCCCCC(=O)O[C@H]1C=C[C@@H]2C3Cc4ccc(OCc5ccccc5)c5c4C2(CCN3C)[C@@H]1O5,0.053831354,0
CCN(CCC#N)c1ccccc1,0.0010807476,0
CC1=c2ccc(N(C)c3ccnc(Cc4ccc(C)c(S(N)(=O)=O)c4)n3)cc2=NC1C,0.6770485,1
CC[C@H](N)Cc1c[nH]c2ccccc12,0.005383222,0
CC1(C)OC2CC3C4CC(F)C5=CC(=O)C=CC5(C)C4C(O)CC3(C)C2(C(=O)CO)O1,0.0034708472,0
c1ccc([C@H]2CCN(C[C@H]3CCCc4c3ccc3c4OCO3)C2)cc1,0.00926786,0
COc1ccc2c3c1O[C@H]1[C@H](O)CC[C@H]4[C@@H](C2)N(C)CC[C@]341,0.00848621,0
CCn1nnn(CCN2CC[C@@H](N(C(=O)COC)c3ccccc3F)[C@H](C)C2)c1=O,0.10242184,0
CCC1(CC)C(=O)NC(=O)NC1=O,0.27880552,0
CCC(=O)c1ccc2c(c1)N(CC(C)N(C)C)c1ccccc1S2,0.051534098,0
CC(C)(C)NC[C@@H](O)c1ccc(O)c(C(=O)O)c1,0.002185643,0
C[C@H](CN(C)C)CN1c2ccccc2Sc2ccccc21,0.027138246,0
COc1ccccc1OCCNC[C@@H](O)OCc1cccc2[nH]c3ccccc3c12,0.005639734,0
CN(C)Cc1ccc(CSCCNc2[nH]ccc2Cc2ccccc2)o1,0.0029144292,0
CCCCCC(=O)O[C@]1(C(C)=O)CC[C@@H]2[C@@H]3C=CC4=CC(=O)CC[C@]4(C)[C@@H]3CC[C@@]21C,0.34301874,0
CC(C)(C)c1ccc([C@@H](O)CCCN2CCC(C(O)(c3ccccc3)c3ccccc3)CC2)cc1,0.0046883575,0
CCN1CCC[C@H]1CNC(=O)c1cc(S(N)(=O)=O)ccc1OC,0.009452487,0
CC(=O)OCC(=O)[C@@]1(O)[C@@H](OC(C)=O)C[C@H]2[C@@H]3CCC4=CC(=O)C=C[C@]4(C)[C@@]3(F)[C@H](O)C[C@@]21C,0.0127472095,0
Cc1ccc(S[C@@H](C)C(=O)N[C@@H]2CC(C)(C)Oc3ccc(C)cc32)cc1,0.051469855,0
C=C1C[C@H](C)[C@@H]2C3Cc4ccc(O)cc4C2(CCN3CC2CCC2)C1,0.011514894,0
CC(C)N(CC[C@](C(N)=O)(c1ccccc1)c1cccnc1)C(C)C,0.0042412244,0
CCN(CC)C(=O)N[C@H]1C[C@H]2c3cccc4[nH]cc(c34)C[C@@H]2N(C)C1,0.002330148,0
CC(=O)c1ccc2c(c1)N(C[C@H](C)N(C)C)c1ccccc1S2,0.045085084,0
COc1ccc(-c2nc(-c3cccc(CN(C)C)c3)n(CCO)n2)cc1,0.11530757,0
CC(=O)OCC(=O)[C@@]1(O)CC[C@H]2[C@H]3CCC4=CC(=O)CC[C@@]4(C)[C@H]3[C@H](O)C[C@]21C,0.1184966,0
O=c1c(Br)ccc2n1CC1CNCC2C1,0.030314432,0
CC1(C)O[C@@H]2C[C@H]3[C@@H]4CCC5=CC(=O)C=C[C@]5(C)[C@@]4(F)[C@@H](O)C[C@]3(C)[C@]2(C(=O)CO)O1,0.0019839855,0
CCC1(C)OC(=O)N(C)C1=O,0.4855266,1
C/C=C/C(=O)N(CC)[C@@H](CC)C(=O)N(C)C,0.012713607,0
CCC(C)n1ncn(-c2ccc(N3CCN(c4ccc(OC[C@H]5CO[C@](Cn6cncn6)(c6ccc(Cl)cc6Cl)O5)cc4)CC3)cc2)c1=O,0.23123765,0
CC(=O)OCC(=O)C1(OC(C)=O)[C@@H](C)C[C@H]2[C@@H]3C[C@H](F)C4=CC(=O)C=CC4(C)C3(F)[C@@H](O)CC21C,0.02386939,0
CC[C@@]1(C)CC(=O)NC1=O,0.20889075,0
NCC1CC(=O)N(Cc2ccccc2)C1,0.00071527297,0
CCC(=O)O[C@@]1(C(=O)SC)[C@@H](C)C[C@@H]2[C@H]3C[C@@H](F)C4=CC(=O)C=C[C@@]4(C)[C@]3(F)[C@@H](O)C[C@]21C,0.0143375965,0
C=CCC1(CC(C)(C)C)C(=O)NC(=O)NC1=O,0.08596708,0
CCCC[C@](C)(O)C/C=C/[C@@H]1[C@H](CCCCCCC(=O)OC)C(=O)C[C@H]1O,0.061925042,0
CC(=O)OCC(=O)C1(O)CC[C@H]2[C@@H]3CCC4=CC(=O)CCC4(C)C3(F)[C@@H](O)CC21C,0.038770933,0
CNC(C)Cc1ccccc1,0.00015289658,0
CCC(=O)OCC(=O)C1(OC(=O)CC)C(C)CC2C3CCC4=CC(=O)C=CC4(C)C3(Cl)C(O)CC21C,0.058989707,0
CN1CCN(CCCN2c3ccccc3Sc3ccc(Cl)cc32)CC1,0.0019368754,0
O=C(NCCCN1CCOCC1)c1ccc(Cl)cc1,0.0009542179,0
CCOC(C)=O,0.051781043,0
CN1C2=C3N=c4ccccc4=C3CCN2C(=O)c2ccccc21,0.8446295,1
CC(C)(C)CC(=O)OCC(=O)[C@@]1(O)CC[C@H]2[C@@H]3CCC4=CC(=O)C=C[C@]4(C)[C@H]3[C@@H](O)C[C@@]21C,0.07959725,0
CN1CC[C@]23c4c5ccc(O)c4O[C@@]2(C)C(=O)CC[C@H]3[C@H]1C5,0.019221466,0
COc1cc2c(cc1CNC1CCCNC1c1ccccc1)N(S(C)(=O)=O)C(C)C2,0.006914779,0
O=C(C[C@H]1c2ccccc2C(=O)N1c1ccc2ccc(Cl)nc2n1)N1CCC2(CC1)OCCO2,0.27542204,0
CCOC(=O)C1(c2cccc(O)c2)CCN(C)CC1,0.0030483117,0
C=CC[C@H](N)c1ccccc1-c1noc2ccccc12,0.048640847,0
COc1ccc(CCCNC(=O)CSCc2cccc(Cl)c2)cc1,0.025812242,0
OCCN(CCO)c1nc(N2CCCCC2)c2nc(N(CCO)CCO)nc(N3CCCCC3)c2n1,0.2472783,0
CNCCC(Oc1ccccc1OC)c1ccccc1,0.003410945,0
CC1(C)O[C@H]2C[C@H]3[C@@H]4C[C@H](F)C5=CC(=O)CCC5(C)[C@H]4[C@@H](O)CC3(C)C2(C(=O)CO)O1,0.009470416,0
CN1CC[C@]23c4c5ccc(OC(=O)c6cccnc6)c4O[C@H]2[C@@H](OC(=O)c2cccnc2)C=C[C@H]3[C@H]1C5,0.059659168,0
COC(=O)[C@H](c1ccccc1)[C@H]1CCCCN1,0.0014687147,0
Cc1nc2n(c(=O)c1CCN1CCC(c3noc4cc(F)ccc34)CC1)CC(O)CC2,0.32209292,0
COC(=O)[C@@H]1C2CCC(C[C@@H]1OC(=O)c1ccccc1)N2C,0.004727911,0
CCC[C@@H](C)C1(CC)C(=O)NC(=O)NC1=O,0.40284812,1
O=C1CC[C@H](N2C(=O)[C@H]3C4CCC(C4)[C@@H]3C2=O)C(=O)N1,0.63406366,1
CCc1c(C)[n+]([NH-])c(-c2ccc(OC)c(OC)c2)c2cc(OC)c(OC)cc12,0.69785804,1
Cc1nc2cc(CN[C@H]3CCCN[C@H]3c3ccccc3)c(OC(C)C)cc2s1,0.0100917965,0
C[C@@H](CN(C)C)CN1c2ccccc2CCc2ccccc21,0.012189568,0
CC1(C)S[C@@H]2[C@@H](NC(=O)[C@H](C(=O)O)c3ccsc3)C(=O)N2C1C(=O)O,0.0028685618,0
CC(=O)OCC1=CO[C@H](OC(=O)CC(C)(C)OC(C)=O)[C@H]2C1=C[C@H](OC(=O)CC(C)C)[C@@]21CO1,0.015037959,0
C[C@@]12CCC(=O)C=C1CC[C@@H]1[C@H]2[C@@H](O)C[C@@]2(C)[C@@H]1CC[C@@]2(O)C(=O)C[S],0.1765419,0
CC(=O)OC(C)C,0.082585946,0
CC(C)=CCN1CC[C@]23c4c5ccc(O)c4O[C@H]2C(=O)CC[C@@]3(O)[C@H]1C5,0.0019611164,0
O=[N+]([O-])C1=CC=N[C@@H]1NCCSCc1ccccn1,0.0006694921,0
CC(C)(C)O,0.010529852,0
C=C1CC(C)C2C3Cc4ccc(O)cc4C2(CCN3CC2CCC2)C1,0.011514894,0
CC[C@H](C)C(=O)O[C@H]1C[C@H](C)C=C2C=C[C@H](C)[C@H](CC[C@@H]3C[C@@H](O)CC(=O)O3)[C@H]21,0.07340866,0
CSC(=O)[C@@]1(O)[C@@H](C)C[C@H]2[C@@H]3CCC4=CC(=O)C=C[C@]4(C)[C@@]3(F)[C@H](O)C[C@@]21C,0.00825986,0
CN1C(=O)[C@@H](O)N=C(c2ccccc2Cl)c2cc(Cl)ccc21,0.71852326,1
N=C(N)c1ccc(-c2ccccc2[N+](=O)[O-])o1,0.9094333,1
CC(C)(C)c1ccc(CN2CCN([C@@H](c3ccccc3)c3ccc(Cl)cc3)CC2)cc1,0.0005954706,0
C#C[C@@]1(O)CC[C@@H]2[C@@H]3CC[C@@H]4CC(=O)CCC4=C3[C@H](c3ccc(N(C)C)cc3)C[C@@]21C,0.036539525,0
CCOc1cccc(F)c1B(O)O,0.040850516,0
COc1ccc(C(O)CN2CCN(C(c3ccccc3)c3ccccc3)CC2)cc1OC,0.0001768967,0
CC[C@H](OC(C)=O)C(C[C@H](C)N(C)C)(c1ccccc1)c1ccccc1,0.0040517375,0
CN1C(=O)NC(=O)C(C)(C2=CCCCC2)C1=O,0.13133387,0
Cc1cccc(C)c1NC(=O)CN1CCCC1=O,0.07314705,0
C=CCN1CC[C@@]23c4c5ccc(O)c4O[C@H]2C(=O)CC[C@@]3(O)[C@@H]1C5,0.0015840982,0
CCCCOC[C@@H](CN1C(=O)N(C[C@H](COCCCC)OC(N)=O)C(=O)C(CC)(c2ccccc2)C1=O)OC(N)=O,0.0832022,0
C=CCC1([C@H](C)CCC)C(=O)NC(=O)NC1=O,0.10099232,0
CCCCC(=O)O[C@@]1(C(=O)CO)CC[C@H]2[C@@H]3C[C@H](F)C4=CC(=O)C=C[C@]4(C)[C@@H]3[C@H](O)C[C@]21C,0.061134208,0
Cc1nc(NCc2cccnc2)c(C#N)c(=O)[nH]1,0.5693656,1
O=c1[nH]c2ccccc2n1CCCN1CCC(n2c(=O)[nH]c3cc(Cl)ccc32)CC1,0.36082116,0
C[C@@H](CN1CCOCC1)C(C(=O)N1CCCC1)(c1ccccc1)c1ccccc1,0.0019782814,0
NC(=O)N1c2ccccc2C2OC2c2ccccc21,0.115082294,0
CO[C@H]1/C=C\C=C(/C)C(=O)NC2=CC(=O)C(NCCN(C)C)=C(C[C@H](C)C[C@@H](OC)[C@@H](O)[C@H](C)/C=C(\C)[C@@H]1OC(N)=O)C2=O,0.0017202834,0
COc1ccc(Cl)c2c1CCC[C@H]2N(C)C,0.026124427,0
OCCN1CCN(CCCN2c3ccccc3C=Cc3ccccc32)CC1,0.00027561633,0
CN(C)Cc1ccccc1Sc1cc(F)c(Cl)cc1N,0.05535059,0
CC(C)C(CN1CCCC1)N(C)C(=O)Cc1ccc(Cl)c(Cl)c1,0.015413165,0
CN1[C@H]2CC[C@@H]1CC(OC(=O)C(CO)c1ccccc1)C2,0.0012240217,0
N[C@H]1C[C@H]1c1ccccc1,9.89372e-05,0
CCOC(=O)C1(c2ccccc2)CCC=CC1N(C)C,0.0007175027,0
CN(C)CCC(c1ccc(Br)cc1)c1ccccn1,0.004291815,0
C[C@H](NC(C)(C)C)C(=O)c1cccc(Cl)c1,0.0067793312,0
CCC(=O)OC1(c2ccccc2)CCN(C)C[C@@H]1CC,0.004640764,0
C[C@@H](CN1CCN(CCOCCO)CC1)CN1c2ccccc2Sc2ccccc21,0.00048001413,0
C=CCN1CCC[C@@H]1CNC(=O)c1cc(S(=O)(=O)NC)c(N)cc1OC,0.0068448796,0
CC1(C)O[C@H]2C[C@H]3[C@H]4CCC5=CC(=O)CC[C@@]5(C)[C@@]4(F)[C@H](O)C[C@@]3(C)[C@]2(C(=O)CCl)O1,0.0072409892,0
OC(Br)(Br)CBr,1.5285702e-09,0
CCOC(=O)C1(c2ccccc2)CCN(CCCNc2ccccc2)CC1,0.0022647218,0
O=C(Cc1ccc(Cl)c(Cl)c1)N1CCc2occc2[C@H]1CN1CCCC1,0.016930303,0
CN1C(=O)CC(C)(c2ccccc2)C1=O,0.04969025,0
O=C(CCCN1CC=C(n2c(=O)[nH]c3ccccc32)CC1)c1ccc(F)cc1,0.06136018,0
CCC1(CC)O[C@@H]2C[C@H]3C4CCC5=CC(=O)C=CC5(C)[C@@]4(F)[C@@H](O)CC3(C)[C@]2(C(=O)CO)O1,0.004040888,0
CCN(CC)CCCC(=O)c1cc(Cl)c(N)cc1OC,0.031634957,0
C=C1/C(=C\C=C2/CCC[C@]3(C)[C@@H]2CC[C@H]3[C@@H](C)CCCC(C)C)C[C@H](O)C[C@H]1O,0.07601244,0
CCC(=O)C(C[C@H](C)N(C)C)(c1ccccc1)c1ccccc1,0.0045275115,0
C[C@@H](CC(C)(C)O)O[C@H](O)C(Cl)(Cl)Cl,0.0001164528,0
O=C1CN=C(c2ccccc2F)c2cc(Cl)ccc2N1C[C@@H](O)CO,0.3241469,0
FC(F)OC(Cl)C(F)(F)F,1.8699502e-11,0
CN1CCC2=C(C1)C(c1ccccc1)c1ccccc12,0.000797017,0
CC12CCCCC[C@@H](Cc3ccc(O)cc31)[C@@H]2N,0.03876601,0
O=[N+]([O-])C1=CC=NC1NCCSCc1ccccn1,0.0006694921,0
COCCN1CC[C@]23c4c5ccc(O)c4O[C@H]2C(=O)CC[C@@]3(O)[C@H]1C5,0.0014712063,0
COc1ccc2c(c1)N(CC(C)CN(C)C)c1ccccc1S2,0.047994923,0
Nc1cc(OCC2CC2)c(C(=O)N[C@@H]2CN3CCC2CC3)cc1Cl,0.07834681,0
CCC(=O)OC1(c2ccccc2)CCN(C)C[C@@H]1C,0.0028001561,0
O=C1CN2CCOC2(c2ccccc2Cl)c2cc(Cl)ccc2N1,0.010455422,0
CC=CCC(C)C(O)C1C(=O)NC(CC)C(=O)N(C)CC(=O)N(C)C(CC(C)C)C(=O)NC(C(C)C)C(=O)N(C)C(CC(C)C)C(=O)NC(C)C(=O)NC(C)C(=O)N(C)C(CC(C)C)C(=O)N(C)C(CC(C)C)C(=O)N(C)C(C(C)C)C(=O)N1C,0.020404965,0
CCN1CCC[C@@H]1CNC(=O)c1c(OC)ccc(Br)c1OC,0.013566188,0
COc1ccc2c3c1O[C@@H]1C(OC(C)=O)=CC[C@H]4[C@H](C2)N(C)CC[C@@]314,0.008442537,0
CC(C)=CCN1CC[C@@]2(C)c3cc(O)ccc3C[C@@H]1[C@H]2C,0.0018323498,0
OCCN1CCN([C@H]2C[C@H](c3ccc(F)cc3)c3ccc(C(F)(F)F)cc32)CC1,3.7048976e-05,0
O=C(OCc1ccccc1)N1CCC(CNc2ccncc2)CC1,0.040667124,0
COc1ccc(S(N)(=O)=O)cc1C(=O)NC[C@H]1CCCN1Cc1ccc(F)cc1,0.017638901,0
COc1ccc2c3c1O[C@@H]1C[C@@H](O)C=C[C@@]31CCN(C)C2,0.0023973912,0
CCN(CC)CCN1C(=O)CN=C(c2ccccc2F)c2cc(Cl)ccc21,0.08235798,0
CC(C)NCCCOc1cccc(CN2CCCCC2)c1,0.00096412917,0
CC(C)(O)C[C@@](C)(O)c1ccc(Cl)cc1,0.014600081,0
C#C[C@]1(O)CC[C@H]2C3CCC4=Cc5c(cnn5-c5ccc(F)cc5)CC4(C)[C@H]3CCC21C,0.4865241,1
C[C@H]1CN(c2c(F)c(N)c3c(=O)c(C(=O)O)cn(C4CC4)c3c2F)C[C@@H](C)N1,0.34100035,0
CCN(CC)S(=O)(=O)N[C@H]1C[C@H]2c3cccc4[nH]cc(c34)C[C@H]2N(C)C1,0.00041418083,0
CC(C)C(=O)OCC(=O)C12O[C@@H](C3CCCCC3)O[C@H]1C[C@H]1[C@@H]3CCC4=CC(=O)C=CC4(C)[C@H]3C(O)CC12C,0.060999308,0
CCCCCC(=O)OCC(=O)C1[C@@H](C)C[C@H]2[C@@H]3C[C@H](F)C4=CC(=O)C=CC4(C)[C@H]3C(O)CC12C,0.13589396,0
C1CC1,0.8804344,1
CNCCO[C@@H](c1ccccc1)c1ccccc1C,0.0005221116,0
CC1=Nc2ccccc2C[C@@H](c2ccccc2)N1C,0.017234223,0
CCOC[C@]1(CN)[C@H](c2ccc3c(c2)OCO3)[C@@H]1S(C)(=O)=O,0.11061849,0
CSC(=O)[C@@]1(O)[C@@H](C)C[C@H]2[C@@H]3CCC4=CC(=O)C=C[C@]4(C)[C@@]3(F)[C@@H](O)C[C@@]21C,0.00825986,0
O=C1NCN(c2ccccc2)C12CCN(CCCOc1ccc(F)cc1)CC2,0.0020893249,0
Nc1c2c(nc3ccccc13)CCC[C@@H]2O,0.58448535,1
COc1ccc(OC(F)(F)F)cc1CN[C@H]1CCCN[C@@H]1c1ccccc1,0.00011650323,0
CC(=O)[C@@]12OC(C)(C)O[C@H]1C[C@H]1[C@H]3CCC4=CC(=O)C=C[C@@]4(C)[C@@]3(F)[C@H](O)C[C@]12C,0.0030099556,0
CC1(C)SSC(C)(C)[C@@H](C(=O)O)NC(=O)C(Cc2ccccc2)NC(=O)CNC(=O)[C@@H]1NC(=O)C(N)Cc1ccc(O)cc1,0.00060544006,0
CN1CCO[C@@H](c2ccccc2)c2ccccc2C1,0.0003050501,0
C=CCc1cccc(/C=N\NC(=O)CN2CCN(Cc3ccccc3)CC2)c1O,0.00013554042,0
Cc1cccc(N2CC(CO)OC2=O)c1,0.05987,0
CN1[C@H]2CC[C@H]1CC(OC(=O)C(C)(CO)c1ccccc1)C2,0.001752611,0
FC(F)OC(F)(F)[C@H](F)Cl,1.3779972e-11,0
O=C1CCC(=O)N1C[C@@H]1CC[C@H]2CN(c3ncccn3)CCN2C1,0.0094641335,0
C1=C(C=C2NCCN2)CCc2ccccc21,0.0009260018,0
CC1(C)O[C@H]2C[C@H]3[C@@H]4C[C@H](F)C5=CC(=O)C=C[C@]5(C)[C@H]4[C@H](O)C[C@@]3(C)[C@@]2(C(=O)CO)O1,0.0034708472,0
CC(C)CC(CN)CC(=O)O,0.009478484,0
CC(=O)OCC(=O)[C@]1(OC(C)=O)CC[C@H]2[C@H]3C[C@H](F)C4=CC(=O)C(Br)=C[C@@]4(C)[C@@]3(F)[C@H](O)C[C@]21C,0.019423144,0
CN(C)C(C)(CO)Cc1ccc(Cl)c(Cl)c1,0.0020971259,0
CCc1ccc(-n2cnc3c(sc4nccc(N(C)CCc5ccccn5)c43)c2=O)cc1,0.9248275,1
CC(=O)[C@H]1CC[C@H]2[C@@H]3CC[C@H]4C[C@H](O)CC[C@]4(C)[C@H]3C(=O)C[C@]12C,0.72078884,1
OC[C@H]1OC(OC2=C(c3ccc(O)c(O)c3)OC3C=C(O)C=C(O)C3=C2)[C@H](O)[C@@H](O)[C@@H]1O,0.0006547955,0
Clc1ccc2c(c1)/C(=C\[C@H]1CN3CCC1CC3)c1ccccc1S2,0.07014602,0
O=C(CCCN1CCN2CCCC2C1)c1ccc(F)cc1,0.00024126959,0
C[C@H]1C[C@H]2[C@H]3CCC4=CC(=O)C=C[C@@]4(C)[C@H]3C(=O)C[C@@]2(C)[C@@]1(O)C(=O)CO,0.04986612,0
C[C@]12CC(=O)[C@H]3[C@@H](CCC4=CC(=O)C=C[C@@]43C)[C@@H]1CCC2(O)C(=O)CO,0.042309403,0
CCCCCCCC1(CC)C(=O)NC(=O)NC1=O,0.50386214,1
CCCCC(CC)CNC(=O)CC(C)O,0.07394285,0
CC(C)N1CCO[C@H](c2cccc(C(F)(F)F)c2)C1,1.837397e-05,0
O=C1N(c2ccccc2)c2ccccc2C1(Cc1ccncc1)Cc1ccncc1,0.19330484,0
CN(C)CCOC(c1ccccc1)c1ccccc1,0.00025885671,0
CC[C@@]1(c2ccccc2)NC(=O)N(C)C1=O,0.097010165,0
NCCc1nccs1,0.0012514455,0
CCC[C@@H](CC)C1(CC)C(=O)NC(=O)NC1=O,0.44327992,1
C[C@H]1C[C@@H](OC(=O)[C@@H]2CCC(=O)N2)CC(C)(C)C1,0.28357077,0
O=C(CCN1CCC(O)(c2ccc(Br)cc2)CC1)c1ccc(F)cc1,0.0029330978,0
c1ccc(NCCCOc2cccc(CN3CCCCC3)c2)nc1,0.010637902,0
CCCBr,0.02403139,0
CCC(=O)OCC(=O)C12OC(C)(C)O[C@H]1C[C@H]1[C@@H]3C[C@H](F)C4=CC(=O)C=CC4(C)C3(F)C(O)CC12C,0.0028812124,0
CC(C)[C@@H](CCCCCC(=O)O)NCc1ccc(F)cc1,0.024256457,0
C[C@]1(c2ccccc2)O[C@H]2C[C@H]3[C@H]4CCC5=CC(=O)C=C[C@@]5(C)[C@@]4(F)[C@H](O)C[C@@]3(C)[C@]2(C(=O)CO)O1,0.0022571385,0
N#CCCN1C(=O)[C@@H](O)N=C(c2ccccc2F)c2cc(Cl)ccc21,0.20574157,0
CC(C)C[C@@H](CN)CC(=O)O,0.009478484,0
CN(C)S(=O)(=O)c1ccc2c(c1)N(CCCN1CCC(CCO)CC1)c1ccccc1S2,0.045319777,0
C[C@H]1C[C@@H]2CCC[C@](N3CC[C@H]3C(=O)O)(C1)C2,0.020361595,0
CN(C)C1=NC(=O)C(c2ccccc2)O1,0.06264541,0
CNC(=O)CCN1CCN(CC/C=C2\c3ccccc3Sc3ccc(Cl)cc32)CC1,0.0011336403,0
CC(=O)OC(c1ccccc1)C1CCCCN1,0.0015929762,0
CCC(C)(CC)OC(N)=O,0.29513404,0
CC1(C)CC(=O)N(CCCCN2CCN(c3ncccn3)CC2)C(=O)C1,0.01952655,0
CN(C)C(=O)C1=N[C@@H](CNC(=O)CN)N(c2ccc(Cl)cc2C(=O)c2ccccc2Cl)N1,0.043316655,0
CCCC(=O)O[C@]1(C(C)=O)CCC[C@H]2[C@H]3CCC4=CC(=O)C=C[C@@]4(C)[C@H]3[C@H](O)C[C@]21C,0.15356745,0
O=C1CC[C@H](C(=O)N[C@H]2C[C@H]2c2ccccc2)N1,0.004493678,0
CCN(CC)CCNC(=O)c1cc(Cl)cc(Cl)c1OC,0.027852897,0
Fc1ccc(Cn2c([C@@H]3CCCNC3)nc3ccccc32)cc1,0.08125434,0
CCC(=O)OC(Cc1ccccc1)(c1ccccc1)[C@H](C)CN(C)C,0.0032343827,0
CC1(C)OC2CC3C4CC(F)C5=CC(=O)C=CC5(C)C4(F)C(O)CC3(C)C2(C(=O)CO)O1,0.0010644206,0
COC(=O)C1C(c2ccc(I)cc2)CC2CCC1N2CCCF,0.00025144007,0
CN1CCc2cccc3c2C1Cc1ccc(O)c(O)c1-3,0.012764948,0
Cc1ncc([N+](=O)[O-])n1CC(O)CCl,0.66710013,1
COc1ccc2c3c1O[C@H]1C(=O)CC[C@H]4[C@@H](C2)N(C)CC[C@]314,0.01846017,0
C[C@H]1[C@H]2C(=O)c3ccc(O)cc3[C@@]1(C)CCN2CC1CC1,0.035895083,0
CNC1CCN2c3ccccc3CCc3cccc1c32,0.017776469,0
CC1CCN(c2ccc([C@@H](C)NC(=O)CCSc3ccccc3)cc2)CC1,0.023241887,0
COc1ccccc1CNC1CCCNC1c1ccccc1,0.00020020026,0
CCO[C@H]1C[C@@]2(C)[C@@H](CC[C@@H]3[C@H]2[C@H](N(C)C)C[C@]2(C)[C@H](C(C)=O)CC[C@H]32)C[C@@H]1O,0.07412139,0
CN(C)Cc1ccc(CSCCNc2cc(Cc3ccccc3)c[nH]2)o1,0.0027318916,0
CSC(=O)[C@]1(OC(C)=O)[C@@H](C)C[C@@H]2[C@H]3CCC4=CC(=O)C=C[C@@]4(C)[C@]3(F)[C@@H](O)C[C@]21C,0.022379903,0
C[C@@H]1C[C@H]2C3C[C@H](F)C4=CC(=O)C=C[C@]4(C)[C@@]3(F)[C@@H](O)C[C@]2(C)[C@H]1C(=O)CO,0.0140320975,0
CCN(CC)C/C=C(\O)N1c2ccccc2Sc2ccc(C(F)(F)F)cc21,0.005957795,0
CN1[C@H]2CC[C@@H]1CC(OC(c1ccccc1)c1ccccc1)C2,0.0008289282,0
OCCN1CCN(CCCN2c3ccccc3Sc3cc(Cl)cnc32)CC1,0.0021238725,0
C[C@@H]1OC2(CCCC[C@@H]2Oc2cccc(Cl)c2)NC1=O,0.038289,0
Oc1ccc2c3c1O[C@@H]1[C@@H](O)C=C[C@H]4[C@@H](C2)NCC[C@@]314,0.0005210715,0
Cc1cc(Cl)ccc1OC(C)C(=O)O,0.27162158,0
COc1ccc(Cl)c2c1CCC[C@@H]2N(C)C,0.026124427,0
C[C@H]1C[C@H]2[C@@H]3CC[C@](O)(C(=O)COC(=O)CCC(=O)O)[C@@]3(C)C[C@H](O)[C@@H]2[C@@]2(C)C=CC(=O)C=C12,0.05293608,0
CCCNC1CCc2nc(N)sc2C1,0.02099562,0
CC(C)[C@@H](Br)C(=O)NC(N)=O,0.027419806,0
CN1c2ccccc2C(c2ccccc2F)=NC[C@@H]1CNC(=O)c1ccsc1,0.17421378,0
CC12CCC(=O)C=C1CC[C@H]1[C@@H]3CCC(O)(C(=O)CO)C3(C)C[C@H](O)C12F,0.021780446,0
CCCN[C@H]1CCc2nc(N)sc2C1,0.02099562,0
C=CCC1([C@@H]2C=CCCC2)C(=O)NC(=S)NC1=O,0.012257182,0
CN(C)CCC=C1c2ccccc2C(C)(C)c2ccccc21,0.010360023,0
CN(C)[C@@H]1CCc2[nH]c3c(F)cc(F)cc3c2C1,0.08071123,0
COC(OC)C(=O)[C@@]12OC(C)(C)O[C@H]1C[C@H]1[C@H]3C[C@H](F)C4=CC(=O)C=C[C@@]4(C)[C@@]3(F)[C@H](O)C[C@]12C,0.0006039004,0
CN(C)CCCn1c2c(c3ccccc31)CCCCCC2,0.07708716,0
C=C1CC2C3CCC4=CC(=O)C=C[C@]4(C)C3[C@@H](O)C[C@]2(C)[C@@]1(O)C(=O)CO,0.009317682,0
CCC(=O)O[C@@]1(C(=O)SC)[C@H](C)C[C@H]2[C@H]3C[C@H](F)C4=CC(=O)C=C[C@@]4(C)[C@@]3(F)[C@H](O)C[C@]21C,0.0143375965,0
OC(CN1CN=CN1)(CN1CN=CN1)c1ccc(F)cc1F,6.436591e-07,0
C[C@H]1[C@H](c2ccccc2)OCCN1C,3.1476327e-05,0
N#CC(CCN1CCC(C(N)=O)(N2CCCCC2)CC1)(c1ccccc1)c1ccccc1,0.00027330863,0
Nc1nc2ncc(CNc3ccc(C(=O)N[C@@H](CCC(=O)O)C(=O)O)cc3)nc2c(=O)[nH]1,0.8323876,1
CN1CC=C(c2ccccc2)CC1,0.0001117024,0
CCC[C@H]1O[C@H]2C[C@H]3[C@@H]4CCC5=CC(=O)C=CC5(C)[C@H]4C(O)CC3(C)C2(C(=O)CO)O1,0.012191508,0
CC(=O)[C@@]1(O)[C@H](O)C[C@H]2[C@@H]3CCC4=CC(=O)CC[C@]4(C)[C@H]3CC[C@@]21C,0.12081766,0
CCC(=O)N1CCN(C(=O)O[C@H]2C3=C(SCCS3)C(=O)N2c2ccc3ccc(Cl)nc3n2)CC1,0.1767474,0
O=C1CN2CCO[C@@]2(c2ccccc2F)c2cc(Cl)ccc2N1CCO,0.007550764,0
COc1ccc2c(c1)[C@@]13CCCC[C@H]1[C@@H](C2)N(C)CC3,0.016386831,0
CCOc1ccccc1OC(c1ccccc1)C1CNCCO1,0.0009519459,0
CC(=O)N1CCN(c2ccc(OC[C@H]3CO[C@](Cn4ccnc4)(c4ccc(Cl)cc4Cl)O3)cc2)CC1,0.013148684,0
CCC[C@H]1O[C@H]2C[C@H]3[C@H]4C[C@H](F)C5=CC(=O)CC[C@@]5(C)[C@@]4(F)[C@H](O)C[C@@]3(C)[C@]2(C(=O)CO)O1,0.0058179484,0
Cc1cccc(C)c1NC(=O)[C@@H](C)N,0.004638351,0
CCCCCc1cc(O)c2c(c1)OC(C)(C)[C@@H]1CCC(C)=C[C@@H]21,0.2618508,0
CCCCOCC(CN1C(=O)NC(=O)C(CC)(c2ccccc2)C1=O)OC(N)=O,0.1003078,0
C[C@@]12C=CC(=O)[C@H]1C(=O)CC[C@@H]1[C@H]2[C@@H](O)C[C@@]2(C)[C@@H]1CC[C@@]2(O)C(=O)CO,0.074633755,0
C[C@@H]1CC2C3C[C@H](F)C4=CC(=O)C=C[C@]4(C)C3[C@@H](O)C[C@]2(C)[C@H]1C(=O)C(=O)O,0.10989288,0
O=C(c1ccc(C(=O)N2CCN(c3ccc(OC4CCN(C5CCC5)CC4)cc3)C(=O)C2)cc1)N1CCC1,0.038532287,0
CN(C)CCC[C@@H]1c2ccccc2COc2ccccc21,0.0074899546,0
CC1COc2c(N3CCN(C)CC3)c(F)c(C(=O)O)c3c(=O)ccn1c23,0.16183029,0
CCCN1C[C@@H](NS(=O)(=O)N(CC)CC)C[C@@H]2Cc3c(O)cccc3CC21,0.0005818961,0
CS(=O)(=O)NC1CCC(CCN2CCN(c3cccc(Cl)c3Cl)CC2)CC1,0.030381348,0
CN1c2cc(F)ccc2C(c2ccccc2)=NC[C@@H]1CNC(=O)c1ccoc1,0.18168765,0
CC(C)(N)Cc1ccccc1,0.00024932213,0
Cc1c(F)c(=O)n(-c2ccccc2)n1C,0.948033,1
NS(=O)(=O)c1ccc(N2C(=O)CC(c3ccccc3)C2=O)c(Cl)c1,0.6087585,1
CN(C)Cc1ccnc(-c2cccc(Nc3[nH]ccc3[N+](=O)[O-])c2)c1,0.2016354,0
COc1ccc2c(c1)C13CCCCC1C(C2)N(C)CC3,0.016386831,0
CCCC(C)(O)C1CC23C=CC1(OC)C1Oc4c(O)ccc5c4C12CCN(C)C3C5,0.003458118,0
C=C1CC[C@@]2(O)[C@H]3Cc4ccc(O)c5c4[C@]2(CCN3CC2CC2)[C@H]1O5,0.003560541,0
CC(C)(C)NCC(O)c1ccccc1F,0.00050813425,0
COCC1CN=C(c2ccccc2Cl)c2cc(Br)ccc2N1C,0.10662498,0
CC[C@@]12CCN(CC3(O)CC3)[C@@H](Cc3ccc(O)cc31)C2(C)C,0.006221555,0
C[C@@H]1[C@@H]2Cc3ccc(O)cc3C1(C)CCN2CC1CC1,0.011311898,0
CC(C)(ON=C(C(=O)NC1C(=O)N2C(C(=O)O)=C(C[n+]3ccccc3)CSC12)c1csc(N)n1)C(=O)O,0.11038069,0
CC(=O)Oc1ccc2c3c1O[C@H]1[C@H](OC(C)=O)C=C[C@H]4[C@@H](C2)N(C)CC[C@@]341,0.0071769333,0
CN(C)CCN1C(=O)C[C@@H](c2ccccc2)Sc2ccccc21,0.0022849937,0
CN(CCc1cc2cccc3c2n1-c1ccccc1CC3)Cc1ccccc1,0.027950143,0
Clc1ccc([C@@H](OCCN2CCOCC2)c2ccccc2)cc1,0.00023335824,0
CO/N=C(/C(=O)N[C@@H]1C(=O)N2C(C(=O)O)=C(CSc3nc(=O)c(=O)[nH]n3C)CS[C@H]12)c1csc(N)n1,0.6259759,1
O=C1CC2(CCCC2)CC(=O)N1CCNC[C@@H]1COc2ccccc2O1,0.040399235,0
COC(=O)N1CCN(C(=O)Cc2ccc(Cl)c(Cl)c2)C(CN2CCCC2)C1,0.0039233994,0
CC(CN(C)C)CN1c2ccccc2Sc2ccccc21,0.027138246,0
O=C(Cc1ccc(Cl)c(Cl)c1)N1CCn2ccnc2C1CN1CCCC1,0.022582384,0
C[C@H](C(=O)O)c1cccc(Oc2ccccc2)c1,0.0776512,0
CCS(=O)(=O)[C@H]1[C@H](c2ccc3c(c2)OCO3)[C@]1(C#N)COC,0.15872262,0
CCOC[C@]1(C#N)[C@@H](S(=O)(=O)c2ccc(Cl)cc2)[C@@H]1c1ccccc1,0.037565105,0
CC(C)NC[C@H](O)COc1ccc(CCOCC2CC2)cc1,0.0020117594,0
C#C[C@@H](OC(N)=O)c1ccccc1,0.0032483372,0
Cc1cc(C)cc(OC[C@H]2CNC(=O)O2)c1,0.051508345,0
O=c1c(Br)ccc2n1C[C@@H]1CNC[C@@H]2C1,0.030314432,0
O=[N+]([O-])c1nccn1C[C@H](O)CF,0.38060418,0
CN1CCC23c4c5ccc(OC(=O)c6cccnc6)c4OC2C(OC(=O)c2cccnc2)C=CC3C1C5,0.059659168,0
Cc1nc2n(c(=O)c1CCN1CCC(c3coc4cc(F)ccc34)CC1)CCCC2O,0.2312327,0
CC1CC2C3CC(F)C4=CC(=O)C=CC4(C)C3(Cl)C(O)CC2(C)C1C(=O)CO,0.017351842,0
CC[C@H](C)[C@H](CC)C(N)=O,0.25841558,0
CCC(=O)O[C@](Cc1ccccc1)(c1ccccc1)[C@H](C)CN(C)C,0.0032343827,0
CN(C)Cc1ccccc1Sc1ccc(F)cc1N,0.012388882,0
CC(=O)OCC(=O)C1(O)CCC2C3CCC4=CC(=O)CCC4(C)C3C(O)CC21C,0.1184966,0
CC[C@@H]1CC(=O)[C@H]2Oc3c(OC)ccc4c3[C@]23CCN(CC2CC2)[C@@H](C4)[C@@H]13,0.06602857,0
CCC(O)(CC(N)=O)c1ccccc1,0.004382988,0
CC(Cc1ccccc1)NCCC1c2ccccc2Sc2ccccc21,0.0047904546,0
CN(C)S(=O)(=O)c1ccc(-c2ccc3cc(O)ccc3c2Oc2ccc(OCCN3CCCCC3)cc2)cc1,0.08303942,0
CCOC(=O)O[C@]1(C(=O)COC(=O)CC)CC[C@H]2[C@@H]3CCC4=CC(=O)C=C[C@]4(C)[C@H]3[C@@H](O)C[C@@]21C,0.121976346,0
COc1ccc2c(c1OC)[C@]13CCN(C)[C@H](C2)[C@]1(O)CC[C@H](O)C3,0.0032955064,0
O=C(O)[C@H]1CCN1C12CC3CC(CC(C3)C1)C2,0.029553587,0
CCN(CC)CC(=O)OCC(=O)[C@@]1(O)CC[C@H]2[C@H]3CCC4=CC(=O)CC[C@@]4(C)[C@H]3[C@H](O)C[C@]21C,0.020065304,0
CCS(=O)(=O)[C@H]1[C@@H](C(N)=S)[C@@H]1c1ccc(OC)cc1,0.5544252,1
CC=CC(=O)N(CCC)C(CC)C(=O)N(C)C,0.019526089,0
Oc1ccc2c(c1)C13CCCC[C@@H]1C(C2)NCC3,0.01678077,0
CC(=O)[C@@]1(O)[C@@H](C)C[C@H]2[C@H]3CCC4=CC(=O)C=C[C@@]4(C)[C@@]3(F)[C@H](O)C[C@]21C,0.014940719,0
CC(=O)N[C@H](CCC(N)=O)C(=O)O,0.008874756,0
CN1CCN(C2=Nc3cscc3/C(=C/C#N)c3cscc32)CC1,0.018282784,0
CC1(C)O[C@@H]2CC3C4CC[C@H]5CC(=O)CC[C@]5(C)[C@@]4(F)[C@@H](O)C[C@]3(C)[C@]2(C(=O)CO)O1,0.0259076,0
CC(=O)C1(O)[C@@H](C)C[C@H]2[C@@H]3CCC4=CC(=O)C=CC4(C)C3(F)[C@@H](O)CC21C,0.014940719,0
CC(=O)OCC(=O)[C@@]12OC(C)(C)O[C@H]1C[C@H]1[C@H]3CC(C=O)=C4C=C(OCCCl)CC[C@@]4(C)[C@@]3(F)[C@H](O)C[C@]12C,0.005466207,0
C[C@@H]1CCCN1CCCOc1ccc(N2CCN(C(=O)c3ccc(F)cc3F)CC2=O)cc1,0.045796566,0
Cc1nc2ccccc2c(=O)n1-c1ccccc1Cl,0.9854741,1
CC1Oc2ccccc2CC1N(C)C,0.0007871523,0
N=c1nc2n(cc1F)[C@H]1O[C@@H](CO)[C@H](O)[C@H]1O2,0.05540063,0
CC1(C)O[C@@H]2CC3C4C[C@H](F)C5=CC(=O)C=C[C@]5(C)C4[C@@H](O)C[C@]3(C)[C@]2(C(=O)CO)O1,0.0034708472,0
NNC(=O)CP(=O)(c1ccccc1)c1ccccc1,0.0002712503,0
CC(=O)OC1C(=O)[C@]2(C)[C@@H](O)C[C@H]3OCC3(OC(C)=O)[C@H]2C(OC(=O)c2ccccc2)[C@]2(O)C[C@H](OC(=O)[C@H](O)C(NC(=O)c3ccccc3)c3ccccc3)C(C)=C1C2(C)C,0.013579416,0
C=C[C@H]1CN2CC[C@@H]1C[C@@H]2[C@@H](O)c1ccnc2ccc(OC)cc12,0.005616525,0
NS(=O)(=O)c1ccc(C(=O)O)cc1,0.35685194,0
Cc1cc(NS(=O)(=O)c2ccc(N)cc2)nc(C)n1,0.9248007,1
CN1CCCCC1CCN1c2ccccc2Sc2ccc([S+](C)[O-])cc21,0.03247772,0
CNCCSC1=Cc2cc(F)ccc2Oc2ccccc21,0.022855725,0
O=C1CCCN1CCCCN1CCN(c2cc(C(F)(F)F)cc(Cl)n2)CC1,0.0023072613,0
CN(C)[C@](C)(CO)Cc1ccc(Cl)c(Cl)c1,0.0020971259,0
CCN(CC)CC(=O)OCC(=O)[C@@]1(O)CC[C@H]2[C@@H]3CCC4=CC(=O)C=C[C@@]4(C)[C@H]3[C@H](O)C[C@@]21C,0.008788591,0
COc1cc2c(cc1OC)[C@@H]1CC(=O)[C@@H](CC(C)C)CN1CC2,0.017620998,0
CCOC(=O)c1ncn2c1CN(C)C(=O)c1c(I)cccc1-2,0.7521068,1
CCCCCC[C@H](C)NN,0.00043863265,0
CN(C)Cc1ccc(-c2cccc(N[C@H]3N=CC=C3[N+](=O)[O-])c2)o1,0.011102426,0
O=C(NCCCOc1cccc(CN2CCCCC2)c1)c1ccccc1,0.010695125,0
CCC1(O)C[C@H]2CN(CCc3c([nH]c4ccccc34)C(C(=O)OC)(c3cc4c(cc3OC)N(C)[C@@H]3C(O)(C(=O)OC)[C@@H](OC(C)=O)C5(CC)C=CCN6CCC43[C@H]65)C2)C1,0.0059576025,0
Clc1ccc2c(c1)C(N1CCNCC1)=Nc1ccccc1O2,0.05896651,0
CN(C)CCCN1c2ccccc2C(c2ccccc2)=Nc2cccnc21,0.15439731,0
CC(C)CC1C(=O)N2CCC[C@H]2C2O[C@](NC(=O)[C@@H]3C=C4c5cccc6[nH]c(Br)c(c56)C[C@H]4N(C)C3)(C(C)C)C(=O)N12,0.006924783,0
CCOC(=O)NN[C@@H](C)c1ccccc1,0.0004742081,0
CCN(C)C(=O)Oc1cccc(C(C)N(C)C)c1,0.0057283696,0
CC[C@@H](OC(N)=O)C1CCCCC1,0.65940475,1
CC12CC(=O)[C@H]3C(CC[C@H]4C[C@H](O)CCC43C)[C@@H]1CCC2C(=O)CO,0.594434,1
CCCCOC(C)=O,0.17652085,0
CN(C(=O)Cc1cccc2sccc12)[C@@H]1CCCC[C@H]1N1CCCC1,0.014527166,0
CC(=O)OCC(=O)C1(OC(=O)C(C)C)C(C)CC2C3CCC4=CC(=O)C=CC4(C)C3(F)C(O)CC21C,0.05392025,0
NC1=NC(=O)N([C@H]2CS[C@H](CO)O2)CC1,7.043955e-05,0
Oc1ccc2c(c1)C13CCCC[C@@H]1C(C2)N(CCc1ccccc1)CC3,0.008857878,0
CN1C(=O)NC(=O)[C@](C)(C2=CCCCC2)C1=O,0.13133387,0
CN1CCC2=C(CC1)c1ccccc1N(C)c1ccccc12,0.013744034,0
CCc1c(C)[nH]c2c1C(=O)[C@H](CN1CCOCC1)CC2,0.0053081526,0
C[C@@H](C(=O)O)c1cccc(C(=O)c2ccccc2)c1,0.14025137,0
COc1ccc2c3c1O[C@@H]1[C@@H](O)CC[C@@H]4C(C2)N(C)CCC341,0.00848621,0
O=C(OCC(Cl)(Cl)Cl)OCC(Cl)(Cl)Cl,3.5861776e-05,0
c1cncc([C@@H]2CCCN2)c1,0.00096496125,0
COC[C@@]1(C(N)=S)[C@@H](S(C)(=O)=O)[C@@H]1c1ccc2c(c1)OCO2,0.42421436,1
C[C@H]1C[C@H]2[C@@H]3CCC4=CC(=O)C=C[C@]4(C)[C@H]3C(=O)C[C@]2(C)[C@@]1(O)C(=O)CO,0.04986612,0
OCCC1CCN(CCC=C2c3ccc(F)cc3Sc3ccc(C(F)(F)F)cc32)CC1,0.013680435,0
N#Cc1ccsc1C1=Nc2ccc(Cl)cc2NC(=O)C1,0.8879972,1
CN1[C@H]2CC[C@@H]1CC(NC(=O)c1cn(C3CCCCC3)c3ccccc3c1=O)C2,0.11633443,0
COc1cc2c(cc1OC)C1CC(=O)C(CC(C)C)CN1CC2,0.017620998,0
CC(C)Cc1ccc(C(C)C(=O)O)cc1,0.07217622,0
Cc1cccc(Cl)c1NC(=O)/C=C1\SCC(=O)N1C,0.09952339,0
CC(=O)OCC(=O)C1(OC(C)=O)C(C)CC2C3CC(F)C4=CC(=O)C=CC4(C)C3(F)C(O)CC21C,0.02386939,0
CC(Cc1ccccc1)NN,2.6686637e-06,0
S=C=S,0.0058568,0
NC(N)=NC[C@@H]1COc2ccccc2O1,0.010736859,0
CN1CCC(c2c(O)cc(O)c3c(=O)cc(-c4ccccc4Cl)oc23)C(O)C1,0.14483975,0
ClCC(Cl)(Cl)Cl,8.135604e-07,0
CCC1(O)CCN2CCc3ccc(C)cc3[C@@H]2C1,0.0016965347,0
CC(=O)OCC(=O)[C@@]12OC(C)(C)O[C@@H]1C[C@H]1[C@@H]3C[C@H](F)C4=CC(=O)C=C[C@]4(C)[C@@]3(F)[C@@H](O)C[C@@]12C,0.002291035,0
CC(C)(C)C(=O)OC1N=C(c2ccccc2)c2cc(Cl)ccc2NC1=O,0.5252097,1
CC12CCC(=O)C=C1CC[C@@H]1[C@@H]2[C@@H](O)CC2(C)[C@H]1CCC2(O)C(=O)CS,0.06891132,0
CCCCC(=O)OC1(C(=O)CO)[C@@H](C)C[C@H]2[C@@H]3CCC4=CC(=O)C=CC4(C)C3(F)[C@@H](O)CC21C,0.043360863,0
CN(C)CC(c1ccc(O)cc1)C1(O)CCCCC1,0.0048089675,0
C[C@H]1C[C@H]2[C@H]3CCC4=CC(=O)C=C[C@@]4(C)[C@@]3(F)C(=O)C[C@@]2(C)[C@@]1(O)C(=O)CCl,0.027315706,0
O=C1OCCC1C1(O)CCN(CCCN2c3ccccc3Sc3ccc(Cl)cc32)CC1,0.044748228,0
O=[N+]([O-])c1nccn1CCCCCCCCF,0.88922566,1
O=C1CC[C@@H](N2C(=O)c3ccccc3C2=O)C(=O)N1,0.78790003,1
COc1ccc(C2(C#N)CCC(C(=O)O)CC2)cc1OC1CCCC1,0.19880664,0
CO/N=C(/C(=O)N[C@H]1C(=O)N2C(C(=O)O)=C(COC(C)=O)CS[C@@H]12)c1csc(N)n1,0.14332025,0
CN1CCN(CC(=O)[C@@]2(O)CC[C@H]3[C@@H]4CCC5=CC(=O)C=C[C@]5(C)[C@H]4[C@@H](O)C[C@@]32C)CC1,0.0007663607,0
CO/N=C(/C(=O)NC1C(=O)N2C(C(=O)O)=C(COC(N)=O)CS[C@@H]12)c1ccco1,0.050009258,0
C#C[C@@]1(O)C=C[C@@H]2[C@@H]3CCC4=CC(=O)CC[C@@H]4[C@@H]3CC[C@@]21CC,0.030902253,0
CCC(=O)N(c1ccccc1F)C1(c2ccccc2)CCN(CCn2nnn(CC)c2=O)CC1,0.13773414,0
CS(=O)(=O)c1ccc([C@H](O)[C@@H](CO)NC(=O)C(Cl)Cl)cc1,0.007649095,0
C#CCN(C)CCCOc1ccc(Cl)cc1Cl,0.0039447434,0
C[C@]12C[C@H](O)[C@@]3(F)C(C[C@H](F)C4=CC(=O)C=C[C@@]43C)C1C[C@@H](O)[C@]2(O)C(=O)CO,0.0013118496,0
Cc1c(C)c2c(c(C)c1O)CC[C@](C)(CCC[C@@H](C)CCC[C@@H](C)CCCC(C)C)O2,0.707106,1
NC1[C@@H]2CN(c3nc4c(cc3F)c(=O)c(C(=O)O)cn4-c3ccc(F)cc3F)C[C@@H]12,0.94848776,1
CCN(CC)CCCOC(=O)[C@@]1(c2ccccc2)C[C@@H]2CC[C@@H]1C2,0.021508748,0
CC1(C)O[C@@H]2C[C@H]3C4C[C@H](F)C5=CC(=O)C=CC5(C)[C@@]4(Cl)[C@@H](Cl)CC3(C)[C@]2(C(=O)CCl)O1,0.0017791644,0
COc1ccc2c(c1OC)C(=O)O[C@H]2Nc1ccc2c(c1)COC2=O,0.75129175,1
CCNCc1ccc(C(=O)Nc2cc(C)n(Cc3cc(Cl)ccc3OCC(C)C)n2)cc1,0.2464009,0
CN(C)c1nsc(N[C@@H](c2cnc3ccccc3c2)C2CC(O)C2)n1,0.6522576,1
CN(C)CCOC(C)(c1ccccc1)c1ccccn1,0.0012367483,0
c1ccc(C2CCN(CC3CCCc4c3ccc3c4OCO3)C2)cc1,0.00926786,0
CC12CCC(=O)C=C1CCC1C2C(O)CC2(C)C1CCC2(O)C(=O)COC(=O)CCC(=O)O,0.10353394,0
CCOC(=O)OCC/C(SC(=O)OCC)=C(\C)N(C=O)Cc1cnc(C)nc1N,0.11609203,0
CCCC(=O)N(C)Cc1c(-c2ccc(Cl)cc2)nc2ccccn12,0.73743695,1
Cc1nsc(NS(=O)(=O)c2ccc(N)cc2)c1C,0.8885693,1
CC(=O)OCC(=O)[C@@]12OC(C)(C)O[C@H]1C[C@H]1[C@H]3C[C@H](F)C4=CC(=O)C=C[C@@]4(C)[C@H]3[C@H](O)C[C@]12C,0.006823984,0
C[C@@H](Cc1ccccc1)N(C)Cc1ccco1,0.00080870796,0
C1=NC[C@H](CC2=Cc3ccccc3CC2)N1,0.0005092286,0
CNCCCC1(c2ccccc2)OC(C)(C)c2ccccc21,0.0024064952,0
CCC(N)Cc1c[nH]c2ccccc12,0.005383222,0
CN1C(=O)OC(C)(C)C1=O,0.41447517,1
CC(C)(C)[C@@H](O)/C=C\c1ccc2c(c1)OCO2,0.061228756,0
Cc1cc(C)c(=O)[nH]n1,0.91114783,1
CC[C@H](C)C(C)(COC(N)=O)COC(N)=O,0.22820054,0
Cc1cc2nc3c(=O)[nH]c(=O)nc-3n(C[C@@H](O)[C@H](O)[C@H](O)CO)c2cc1C,0.6501146,1
Nc1nc(Cl)nc2c1ncn2[C@H]1CC(O)[C@@H](CO)O1,0.6977652,1
CC[C@@]1(O)C(=O)OCc2c1cc1n(c2=O)Cc2cc3c(CN(C)C)c(O)ccc3nc2-1,0.5745887,1
COc1ccc(S(C)(=O)=O)cc1CN[C@H]1CCCN[C@H]1c1ccccc1,0.0037378538,0
C[C@@H]1C[C@@H]2[C@H]3C[C@@H](F)C4=CC(=O)C=C[C@@]4(C)[C@]3(F)[C@@H](O)C[C@@]2(C)[C@]1(O)C(=O)SCF,0.002183807,0
CN/C(=N\CCSCc1csc(NC(=N)N)n1)NC#N,0.0015556086,0
C[C@@H](c1noc2ccc(Cl)cc12)n1ccnc1,0.9751729,1
CNC[C@@H](O)CC12CCC(c3ccccc31)c1ccccc12,0.0051868553,0
CC[C@@]1(c2ccc(N)cc2)CCC(=O)NC1=O,0.091582224,0
NC(=O)c1ncn([C@H]2O[C@@H](CO)[C@@H](O)[C@@H]2O)n1,0.007865383,0
C[C@@H](CNC(=O)c1ccccc1)C(=O)OCC(=O)[C@@]12OC(C)(C)O[C@H]1C[C@H]1[C@H]3CCC4=CC(=O)C=C[C@@]4(C)[C@@]3(F)[C@H](O)C[C@]12C,0.0076082097,0
C[C@@]12C=CC(=O)C=C1CC[C@@H]1[C@H]2C(=O)C[C@@]2(C)[C@@H]1CC[C@@]2(O)C(=O)CO,0.042309403,0
Clc1ccc(N2CCN(CC=Cc3ccccc3)CC2)nn1,0.003648437,0
CC(C1=C(CCN(C)C)Cc2ccccc21)c1ccccn1,0.0041595213,0
COC(=O)C1=CCCN(C)C1,9.336247e-05,0
COc1ccc2c3c1O[C@H]1C(=O)CC[C@]4(O)[C@@H](C2)N(C)CC[C@]314,0.004366091,0
CCCCN1C[C@H]2Cc3cc(OC)c(OC)cc3[C@H]2C1,0.01277571,0
O=C1Nc2ccc(Cl)nc2C(c2ccccc2Cl)=NC1O,0.90988606,1
C[C@@H](N)C(=O)OC(C)(C)Cc1ccc(Cl)cc1,0.008058214,0
CCc1c(C)[nH]c2c1C(=O)C1CN(C)CCC1C2,0.03165645,0
Cc1ccc(S(=O)(=O)[C@H]2[C@H](CN)[C@@H]2c2ccccc2)cc1,0.039277736,0
CSc1ccc2c(c1)C(N1CCN(C)CC1)Cc1ccccc1S2,0.0001519804,0
CNCCC(Oc1ccc(C(F)(F)F)cc1)c1ccccc1,0.00037562172,0
CN1C2CCC1CC(NC(=O)N1CC(C)(C)c3ccccc31)C2,0.0058741337,0
CC1N=C(c2ccccc2Cl)c2cc([N+](=O)[O-])ccc2NC1=O,0.9439945,1
CC(=O)[C@]12OC(C)(C)O[C@H]1C[C@@H]1[C@H]3CCC4=CC(=O)CC[C@@]4(C)[C@H]3CC[C@@]12C,0.06186155,0
C[C@@H]1CCCN(c2ccc([C@@H](C)NC(=O)/C(=C/c3ccco3)c3ccccc3)cc2)C1,0.10708781,0
CCCCC,0.4881802,1
CC1(C)O[C@H]2C[C@H]3[C@H]4C[C@H](F)C5=CC(=O)C=C[C@@]5(C)[C@@]4(Cl)[C@H](Cl)C[C@@]3(C)[C@]2(C(=O)CO)O1,0.0013687368,0
COC(=O)N1CCN(C(=O)Cc2ccc(Cl)c(Cl)c2)[C@@H](CN2CCCC2)C1,0.0039233994,0
CC(C)(C)c1ccc(OC(F)(F)F)c(CNC2CCCNC2c2ccccc2)c1,0.00029569707,0
CCC[C@@H]1C[C@H](C(=O)N[C@@H]([C@H](C)Cl)[C@@H]2O[C@@H](SC)[C@@H](O)[C@@H](O)[C@@H]2O)N(C)C1,8.079441e-05,0
C[C@H]1C[C@H]2[C@H]3CCC4=CC(=O)C=C[C@@]4(C)[C@@]3(F)[C@H](O)C[C@@]2(C)[C@@]1(C)C(=O)CO,0.031439386,0
CCC[C@H](C)C1(CC)C(=O)NC(=O)NC1=O,0.40284812,1
CC(C)(C)CC(=O)OCC(=O)C12OC(C)(C)O[C@H]1C[C@H]1[C@@H]3CC4=CC(=O)C=CC4(C)C3(F)[C@@H](O)CC12C,0.007258664,0
Cc1ccc([C@H](C)NC(=O)CCSc2ccccc2)cc1C,0.012493535,0
OC[C@H](O)[C@@H]1O[C@@H]2O[C@H](C(Cl)(Cl)Cl)O[C@H]2[C@H]1O,9.010363e-08,0
CCC(=O)O[C@]1(C(=O)COC(C)=O)CC[C@H]2[C@H]3CCC4=CC(=O)CC[C@@]4(C)[C@H]3[C@H](O)C[C@]21C,0.2227857,0
C[C@@H]1C[C@H]2[C@@H]3C[C@H](F)C4=CC(=O)C=C[C@]4(C)[C@H]3[C@@H](O)C[C@]2(C)[C@H]1C(=O)CO,0.05016375,0
CN(C(=O)Cc1ccc(Cl)c(Cl)c1)[C@H]1CCCC[C@@H]1N1CCCC1,0.02215906,0
CC(C)(C)OC(=O)c1ncn2c1C1CCCN1C(=O)c1c(Br)cccc1-2,0.95249563,1
C[C@@H](CC#N)N(C)CC(=O)N(C)c1ccc(Cl)cc1C(=O)c1ccccc1F,0.033315387,0
CC1(C)O[C@@H]2C[C@H]3C4C[C@H](F)C5=CC(=O)C=C[C@]5(C)[C@@]4(Cl)[C@@H](Cl)C[C@]3(C)[C@]2(C(=O)CF)O1,0.0014533175,0
C[C@@H]1COc2c(N3CCN(C)CC3)c(F)c(C(=O)O)c3c(=O)ccn1c23,0.16183029,0
CC(CF)NC[C@H](O)COc1cccc2[nH]c3ccccc3c12,0.0041485108,0
COc1ccc2c3c([nH]c2c1)[C@@H]1C[C@H]2[C@H](C[C@H](OC(=O)c4cc(OC)c(OC)c(OC)c4)[C@H](OC)[C@H]2OC(C)=O)CN1CC3,0.085527316,0
c1ccc(-c2nnc(N3CCN(c4ncccn4)CC3)cc2-c2ccncc2)cc1,0.6006728,1
O=c1[nH]c2ccccc2n1C1CCN(CCC(c2ccc(F)cc2)c2ccc(F)cc2)CC1,0.05389157,0
CN1C2CCC1CC(OC(=O)C(CO)c1ccccc1)C2,0.0012240217,0
C[C@@H](Cc1ccccc1)N[C@H](C#N)c1ccccc1,5.744339e-05,0
O=c1cc[nH]nc1,0.5748411,1
Clc1ccc2c(c1)/C(=C/[C@H]1CN3CCC1CC3)c1ccccc1S2,0.07036045,0
CCC1=C(C)N(N)C(c2ccc(OC)c(OC)c2)=C2C=C(OC)C(OC)=C[C@@H]21,0.0063824183,0
CCO[C@H](Cc1ccc(OCCc2ccc(OS(C)(=O)=O)cc2)cc1)C(=O)O,0.1110834,0
CC(=O)OCC(=O)[C@@]1(O)CC[C@H]2[C@H]3C[C@H](Cl)C4=CC(=O)C=C[C@@]4(C)[C@H]3C(=O)C[C@]21C,0.046848845,0
CC(C)(C)NC(=O)[C@@H]1C[C@@H]2CCCC[C@@H]2CN1C[C@@H](O)[C@H](Cc1ccccc1)NC(=O)[C@H](CC(N)=O)NC(=O)c1ccc2ccccc2n1,0.0141462535,0
Clc1cccc(N2CCNCC2)c1,0.0002700581,0
COC(=O)[C@@H]1[C@@H]2C[C@@H]3c4[nH]c5ccccc5c4CCN3C[C@@H]2C[C@@H](OC(=O)c2cc(OC)c(OC)c(OC)c2)[C@@H]1OC,0.06654174,0
CCC(=O)OCC(=O)[C@@]1(OC(=O)CC)[C@H](C)C[C@@H]2[C@H]3CCC4=CC(=O)C=C[C@@]4(C)[C@]3(F)[C@@H](O)C[C@@]21C,0.050446503,0
Cc1ccc(S[C@H](C)C(=O)NCCCc2ccc(OC(C)C)cc2)cc1,0.026926631,0
CCCCCCn1ccc(=O)c(O)c1C,0.64202267,1
N#[N+]O,7.249551e-08,0
Cc1ccc(O)c([C@@H](CCN(C(C)C)C(C)C)c2ccccc2)c1,0.0031365065,0
CC(=O)[C@@H]1CC[C@@H]2[C@@H]3C[C@H](C)C4=CC(=O)C=C[C@]4(C)[C@@H]3[C@@H](O)C[C@]12C,0.15582083,0
C[C@@H]1C[C@H]2[C@@H]3[C@@H](Cl)CC4=CC(=O)C=C[C@]4(C)[C@H]3[C@@H](O)C[C@@]2(C)[C@]1(O)C(=O)CO,0.014264725,0
COCCN1CC[C@@]23c4c5ccc(O)c4O[C@H]2C(=O)CC[C@@]3(O)[C@@H]1C5,0.0014712063,0
CC(C)(C)C(=O)SCC(=O)C1(O)CC[C@H]2[C@@H]3CCC4=CC(=O)CCC4(C)[C@H]3[C@@H](O)CC21C,0.109943315,0
CN(C(=O)Cc1ccc(Cl)c(Cl)c1)[C@H]1CC[C@@]2(CCCO2)C[C@H]1N1CCCC1,0.0141205015,0
O=[P@@]1(N(CCCl)CCCl)OCCCN1CCCl,4.6884986e-07,0
Cc1nc2n(c(=O)c1CCN1CCC(c3noc4cc(F)ccc34)CC1)C[C@@H](O)CC2,0.32209292,0
CCOc1ccc(CCCNC(=O)[C@H](C)Sc2ccc(C)cc2)cc1,0.021715807,0
CN(C)C1=NC(=O)[C@H](c2ccccc2)O1,0.06264541,0
CN1C2CCC1CC(OC(=O)c1c[nH]c3ccccc13)C2,0.025155867,0
CC1=CN2C(CC(=O)N(C)C)=C(c3ccc(C)cc3)N[C@@H]2C=C1,0.002275572,0
COc1ccc(C2Sc3ccccc3N(CCN(C)C)C(=O)C2OC(C)=O)cc1,0.0056785066,0
NC(=O)[C@@H]1c2ccccc2[C@@H]2O[C@@H]2c2ccccc21,0.008247736,0
CN(C)CC/C=C1\c2ccccc2Sc2ccc(Cl)cc21,0.037198294,0
Cc1cc(N(C)C)ccc1CC(C)N,0.0021808925,0
CO[C@@]12C=C[C@@]3(C[C@H]1C(C)(C)O)[C@H]1Cc4ccc(O)c5c4[C@]3(CCN1CC1CC1)[C@@H]2O5,0.004223817,0
CC(C)(C)C(=O)SCC(=O)[C@@]1(O)CC[C@H]2[C@H]3CCC4=CC(=O)CC[C@@]4(C)[C@H]3[C@H](O)C[C@]21C,0.109943315,0
C=CCN1CCC23CCCCC2C1Cc1ccc(O)cc13,0.0059849382,0
CC(C)(C)CC(=O)OCC(=O)[C@@]1(O)CC[C@H]2[C@H]3CCC4=CC(=O)C=C[C@@]4(C)[C@H]3[C@H](O)C[C@]21C,0.07959725,0
N=C1SCCN1c1ccc(Cl)cc1N,0.031421684,0
CC1CCN(CCCN2c3ccccc3Sc3ccc(C(F)(F)F)cc32)CC1,0.015171113,0
COCCc1noc([C@H](C)NC(=O)c2ccncc2O)n1,0.67698556,1
CCOC(=O)NNC(C)c1ccccc1,0.0004742081,0
CN1CC(CC#N)CC2c3cccc4[nH]cc(c34)CC21,0.0016867266,0
CCOc1ccc(-c2nn3ncccc3c2-c2ccc(S(C)(=O)=O)cc2)cc1,0.9823334,1
CN1[C@H]2CC[C@@H]1CC(OC(=O)[C@@H](O)c1ccccc1)C2,0.0011361575,0
COC1=CC(=O)O[C@H]1[C@@H](O)c1ccccc1Cl,0.011854148,0
CCC(C)C(C)(COC(N)=O)COC(N)=O,0.22820054,0
CC(=O)OCC(C)C,0.14646713,0
C[C@H]1C[C@H]2[C@@H]3CCC4=CC(=O)C=C[C@]4(C)[C@@]3(F)C(=O)C[C@]2(C)[C@@]1(O)C(=O)CCl,0.027315706,0
CCN=C1NC(=O)C(c2ccccc2)O1,0.022851126,0
O=C(O)Cc1ccccc1Nc1ccc(Cl)cc1Cl,0.56549126,1
CN(C)CC/C=C1\c2ccccc2COc2ccccc21,0.008054685,0
CCN(CC)C(=O)N[C@@H]1C[C@H]2c3cccc4[nH]cc(c34)C[C@H]2N(C)C1,0.002330148,0
NC(N)=NCCCOc1ccccc1,0.0045842407,0
CC(=O)[C@@H]1CC[C@H]2[C@@H]3C[C@H](C)C4=CC(=O)C=C[C@@]4(C)[C@H]3[C@@H](O)C[C@]21C,0.15582083,0
CN(C)CC(O)C(c1ccccc1)c1cccc(Cl)c1,0.0007229793,0
OCCN1CCN(CCC=C2c3ccccc3COc3ccc(Cl)cc32)CC1,0.0005235356,0
CC(NN)c1ccccc1,1.4998071e-06,0
c1ccc2c(c1)CCCN2,0.027295493,0
Cl/C(=C/n1cncn1)c1ccc(Cl)cc1Cl,0.9979527,1
O=C1[C@@H]2[C@H](C(=O)N1CCCCN1CCN(c3ncccn3)CC1)[C@@H]1C=C[C@H]2[C@@H]2C=C[C@H]12,0.004953236,0
CN1CCC23c4c5ccc(O)c4OC2C(=O)CC[C@@H]3C1C5,0.015536565,0
CC(=O)OCC(=O)C1(OC(C)=O)CC[C@H]2[C@@H]3C[C@H](F)C4=CC(=O)C(Br)=CC4(C)C3(F)[C@@H](O)CC21C,0.019423144,0
C[C@H]1C[C@H]2[C@@H]3C[C@H](F)C4=CC(=O)C=CC4(C)C3(F)[C@@H](O)CC2(C)C1(O)C(=O)SCF,0.002183807,0
S=C1NCC[C@H](COc2ccccc2)O1,0.018015286,0
CCC1(C2=CCCCC2)C(=O)NC(=O)NC1=O,0.11433349,0
CCOC1CC2(C)C(CCC3C4CCC(C(C)=O)C4(C)CC(N(C)C)C32)CC1O,0.07412141,0
CCN(CC)C(=O)[C@]1(c2ccccc2)C[C@@H]1CN,0.0028511512,0
C/C=C/C[C@@H](C)[C@@H](O)[C@H]1C(=O)N[C@@H](CC)C(=O)N(C)CC(=O)N(C)[C@@H](CC(C)C)C(=O)N[C@@H](C(C)C)C(=O)N(C)[C@@H](CC(C)C)C(=O)N[C@@H](C)C(=O)N[C@H](C)C(=O)N(C)[C@@H](CC(C)C)C(=O)N(C)[C@@H](CC(C)C)C(=O)N(C)[C@@H](C(C)C)C(=O)N1C,0.020443555,0
COP(=O)(C[C@H](c1ccc(Cl)cc1)P(=O)(OC)OC)OC,0.00031486424,0
CCC(=O)O[C@@]1(c2ccccc2)CCN(C)C[C@@H]1CC,0.004640764,0
CNc1nc(Oc2cccc(Cl)c2F)c(Cl)cc1Cl,0.9985864,1
CCC[C@]1(c2cccc(O)c2)CCN(C)C[C@H]1C,0.0073956526,0
C[C@@H]1[C@@H]2Cc3ccc(O)cc3C1(C)CCN2CCc1ccccc1,0.002838906,0
CCC(C(=O)NC(N)=O)c1ccccc1,0.035332806,0
CCC(=O)O[C@]1(C(=O)SC)[C@H](C)C[C@H]2[C@@H]3C[C@H](F)C4=CC(=O)C=C[C@]4(C)[C@@]3(F)[C@@H](O)C[C@@]21C,0.0143375965,0
COc1ccc(N(c2nc(C)c(C)s2)S(C)(=O)=O)cc1CNC1CCCNC1c1ccccc1,0.051416732,0
O=C(N[C@H](CO)[C@H](O)C1CCC([N+](=O)[O-])CC1)C(Cl)Cl,0.016051123,0
CN1C(=O)C(O)N=C(c2ccccc2)c2cc(Cl)ccc21,0.36817285,0
CC(=O)OCC(=O)[C@@]1(O)CCC2C3CCC4=CC(=O)C=CC4(C)[C@@]3(Cl)C(Cl)CC21C,0.019585824,0
CCC(=O)C1(O)CCC2C3CCC4=CC(=O)CCC4(C)C3C(O)CC21C,0.12943134,0
N#Cc1ccc2c(c1)C1=C(CCN(CC3CCCC3)CC1)c1ccccc1O2,0.04643725,0
CN1CCc2cc(Cl)c(O)cc2[C@@H](c2ccccc2)C1,0.0034801106,0
CC(C)[C@H](Br)C(=O)NC(N)=O,0.027419806,0
CCC(=O)[C@@]1(O)CC[C@H]2[C@@H]3CCC4=CC(=O)CC[C@]4(C)[C@H]3[C@@H](O)C[C@@]21C,0.12943134,0
CN(C)Cc1ccc(SCCNc2[nH]cc(Cc3ccccc3)c2[N+](=O)[O-])o1,0.027788233,0
Oc1ccc2c(c1)[C@]13CCN(CC4CC4)[C@H](C2)[C@@H]1CCOC3,0.005211988,0
CC(C)=CCN1Cc2cc(Cl)cc3[nH]c(=S)n(c23)CC1C,0.027523475,0
Cc1[nH]nc2c1N(c1ccccc1)C(=O)CC(=O)N2C,0.93227595,1
O=[N+]([O-])c1cc[nH]c1NCCSCc1ncccc1Br,0.3545105,0
CC(C)(C)CC(=O)OCC(=O)[C@@]12OC(C)(C)O[C@H]1C[C@H]1[C@H]3CC4=CC(=O)C=C[C@@]4(C)[C@@]3(F)[C@H](O)C[C@]12C,0.007258664,0
CN(C)c1ccc(O)c2c1C[C@H]1C[C@H]3[C@@H](N(C)C)C(=O)C(C(N)=O)=C(O)[C@@]3(O)C(=O)C1=C2O,0.024173234,0
C=CCN1CCC23c4c5ccc(O)c4O[C@@H]2C(=O)CCC3(O)C1C5,0.0015840982,0
CCC(=O)N(c1ccc(Cl)c(Cl)c1)[C@@H]1CCC[C@H]1N(C)C,0.052003976,0
CC(C)C(=O)Oc1ccc(CO)cc1C(CCN(C(C)C)C(C)C)c1ccccc1,0.00866537,0
O=C(O)c1ccccc1Oc1ccccc1,0.30573463,0
Cc1ccc(SCCC(=O)N[C@@H](C)c2ccc(N3CCC[C@@H](C)C3)cc2)cc1,0.031231146,0
CN(C)c1cnccn1,0.43482292,1
C[N+](C)(C)CCO,0.0015946242,0
CCOc1ccccc1OCCN[C@@H](C)Cc1ccc(OC)c(S(N)(=O)=O)c1,0.012325828,0
CNC(=O)Oc1ccc2c(c1)[C@@]1(C)CCN(C)[C@@H]1N2C,0.0050114566,0
CC12C=C(Br)C(=O)C=C1[C@@H](F)C[C@H]1[C@@H]3CCC(O)(C(=O)CO)C3(C)C[C@H](O)C12F,0.0034127838,0
Cc1ccc2c(c1)C13CCCCC1C(C2)N(C)CC3,0.0138963135,0
OCCN1CCCN(CCCN2c3ccccc3C=Cc3ccccc32)CC1,0.00048009673,0
COc1ccc2c3c1OC1CC(O)C=CC31CCN(C)C2,0.0023973912,0
CN(C)CC/C=C1/c2ccccc2CSc2ccccc21,0.0043065078,0
O=c1ccc(-c2c(-c3ccccc3)nn3ccccc23)nn1CCN1CCCCC1,0.44678748,1
CCN(CC)CCOC(=O)c1ccc(N)cc1,0.002396545,0
CN1CCN(C2=Nc3ccccc3Sc3ccc(Cl)cc32)CC1,0.029039104,0
CC(=O)O[C@@H](C)C(=O)[C@@]1(O)CC[C@H]2[C@@H]3CCC4=CC(=O)C=C[C@]4(C)[C@@]3(F)[C@@H](O)C[C@@]21C,0.01565322,0
CN(C)C(=O)CCNc1ccc(Br)cc1,0.01271043,0
CN[C@H]1CCN2c3ccccc3CCc3cccc1c32,0.017776469,0
CNC(=O)CCN1CCN(CC/C=C2/c3ccccc3Sc3ccc(Cl)cc32)CC1,0.0011315984,0
CCCCCC(=O)CC[C@@]1(C)[C@H]2Cc3ccc(O)cc3[C@@]1(C)CCN2C,0.029763348,0
O=C1CC[C@@]2(O)[C@@H]3Cc4ccc(O)c5c4[C@]2(CCN3CC2CC2)[C@@H]1O5,0.010850976,0
C[C@H]1CN(CCCn2c3ccccc3c3ccccc32)C[C@@H](C)N1,0.0008559447,0
O=C1CCN=C2CC(c3ccccc3)CN12,0.0053991484,0
CCCCC1C(=O)N(c2ccccc2)N(c2ccccc2)C1=O,0.5349456,1
Cc1ccc(S(=O)(=O)NC(=O)N[C@@H]2[C@H]3CC[C@](C)([C@H]2O)C3(C)C)cc1,0.25522137,0
CC1=C[C@H]2[C@@H]3C[C@@H](C)[C@](O)(C(=O)COC(=O)c4cccc(S(=O)(=O)O)c4)[C@@]3(C)C[C@H](O)[C@@H]2[C@@]2(C)Cc3cnn(-c4ccccc4)c3C=C12,0.35367665,0
CC1(C)O[C@H]2C[C@H]3[C@H]4C[C@H](F)C5=CC(=O)C=C[C@@]5(C)[C@@]4(F)[C@H](O)C[C@@]3(C)[C@]2(C(=O)CO)O1,0.0010644206,0
COc1ccc2c(c1OC)C13CCN(C)C(C2)C1(O)CCC(O)C3,0.0032955064,0
O=C1[C@H]2[C@@H]3C=C[C@@H]([C@H]4C=C[C@@H]34)[C@H]2C(=O)N1CCCCN1CCN(c2ncccn2)CC1,0.004953236,0
CC[C@@]1(O)C[C@@H]2CN(CCc3c([nH]c4ccccc34)[C@](C(=O)OC)(c3cc4c(cc3OC)N(C)C3[C@@](O)(C(=O)OC)[C@H](OC(C)=O)[C@]5(CC)C=CCN6CC[C@]43C65)C2)C1,0.0059576025,0
COc1ccc(C(O)CN2CCN(c3cccccc3=O)CC2)cc1OC,0.0017052767,0
Oc1ccc2c(c1)C13CCCCC1(O)C(C2)N(CC1CCC1)CC3,0.014769628,0
CC1c2ccccc2C(CCCN(C)C)c2cc(C(F)(F)F)ccc21,0.0022411284,0
CC1(C)OC2CC3C4CCC5=CC(=O)CCC5(C)C4(F)C(O)CC3(C)C2(C(=O)CCl)O1,0.0072409892,0
C/C=C/[C@@H]1OC2(C(=O)COC(=O)c3ccncc3)CCC3(O1)[C@H]1CCC4=CC(=O)CCC4(C)[C@H]1[C@@H](O)CC23C,0.036735393,0
CN1CC[C@@]23c4c5ccc(O)c4O[C@@H]2C(=O)CC[C@H]3[C@@H]1C5,0.015536565,0
CC(C)(C)c1cc(CN2CCN(CC(O)c3ccc(Cl)cc3)CC2)cc(C(C)(C)C)c1O,0.0013764494,0
Cc1cc(Br)cc(C)c1NC1=NCCN1,0.028675962,0
CN1CC[C@](C)(CN2c3ccccc3Sc3ccccc32)C1,0.028125754,0
O[C@@H](CCCN1CCc2c(c3cc(F)ccc3n2-c2ccc(F)cc2)C1)c1ccc(F)cc1,0.10375676,0
COC[C@@H]1CN=C(c2ccccc2Cl)c2cc(Br)ccc2N1C,0.10662498,0
NC1[C@@H]2CN(c3nc4c(cc3F)c(=O)c(C(=O)O)cn4-c3ccc(F)cc3F)C[C@H]12,0.94848776,1
OCCN1CCN(CC/C=C2\c3ccccc3Sc3ccc(C(F)(F)F)cc32)CC1,0.00010506536,0
CC(C)(C)[N+](=O)C=C1C=CN([O-])C=C1,0.0011804783,0
CCCN1C[C@H](NS(=O)(=O)N(CC)CC)C[C@@H]2Cc3c(O)cccc3C[C@@H]21,0.0005818961,0
CC(=O)OCC(=O)[C@]12OC(C)(C)O[C@@H]1C[C@H]1[C@@H]3C[C@H](F)C4=CC(=O)C=C[C@]4(C)[C@@]3(F)[C@H](O)C[C@@]12C,0.002291035,0
N#CCN[C@@H]1CCc2ccccc21,3.265356e-05,0
NC(=O)OC[C@H](O)COc1ccc(Cl)cc1,0.02989366,0
C#CCC1(OC(N)=O)CCCCC1,0.22656529,0
CC(CNC(=O)c1ccccc1)C(=O)OCC(=O)[C@@]12OC(C)(C)O[C@@H]1C[C@H]1[C@@H]3CCC4=CC(=O)C=C[C@]4(C)[C@@]3(F)[C@@H](O)C[C@@]12C,0.0076082097,0
COc1ccc([C@@H]2[C@@H](S(=O)(=O)c3ccc(Cl)cc3)C2(CN)CN)cc1,0.01417248,0
C[C@H]1NCCO[C@H]1c1ccccc1,2.1433601e-05,0
CCCN1C[C@@H](CSC)C[C@H]2c3cccc4[nH]cc(c34)C[C@H]21,0.005732151,0
Oc1ccc2c3c1O[C@@H]1[C@@H](O)CC[C@@]4(O)[C@@H](C2)N(CC2CCC2)CC[C@@]314,0.008397284,0
CCN[C@@H](Cc1ccccc1)[C@@H]1CCCO1,0.00036378996,0
C=CCN1CC[C@@]23c4c5ccc(OC(C)=O)c4O[C@@H]2[C@@H](OC(C)=O)C=C[C@H]3[C@H]1C5,0.0036728876,0
CN(C)CCCN1c2ccccc2CCC2CCCCCC21,0.023403537,0
O=C(Cc1ccc(Cl)c(Cl)c1)N1CCc2ccsc2[C@H]1CN1CCCC1,0.015026967,0
C[C@H]1C[C@H]2[C@@H]3CC[C@@H](C(=O)O)[C@]3(C)C[C@@H](O)[C@H]2[C@@]2(C)CCC(=O)C=C12,0.28008085,0
COC(OC)C(=O)C12OC(C)(C)OC1CC1C3CC(F)C4=CC(=O)C=CC4(C)C3(F)C(O)CC12C,0.0006039004,0
C[C@]12C=C(Br)C(=O)C=C1[C@H](F)C[C@H]1[C@@H]3CCC(O)(C(=O)CO)[C@@]3(C)C[C@H](O)C12F,0.0034127838,0
C[C@@H]1CC2C3CCC4=CC(=O)C=C[C@]4(C)[C@@]3(F)[C@@H](O)C[C@]2(C)[C@@]1(C)C(=O)CO,0.031439386,0
CO[C@H]1OC2OC3(CN4CCCCC4)C(O)C[C@@H]([C@@H]2C)[C@H]13,0.0002968685,0
CN1CCN(C=C2N=C3CN=C(c4ccccc4Cl)c4cc([N+](=O)[O-])ccc4N3C2=O)CC1,0.23588377,0
O=C(Nc1ccc(OC2CCCC2)cc1)c1cc2c(ccc3ccccc32)o1,0.8620185,1
COc1ccc2c(c1)/C(=C/CCN(C)C)c1ccccc1O2,0.033247687,0
CCCCCCCCCCCCCCCCCC(=O)OCC(=O)OCC(=O)[C@]1(O)CC[C@H]2[C@@H]3CCC4=CC(=O)C=C[C@@]4(C)[C@H]3[C@@H](O)C[C@]21C,0.2601044,0
CCCC(=O)O[C@@]1(C(=O)CCl)[C@H](C)C[C@H]2[C@H]3CCC4=CC(=O)C=C[C@@]4(C)[C@@]3(F)C(=O)C[C@]21C,0.089191206,0
CN1CCN(CCC(=O)N2c3ccccc3Sc3ccc(C(F)(F)F)cc32)CC1,0.00054056494,0
CCC(=O)C(c1ccccc1)(c1ccccc1)[C@H](C)CN(C)C,0.006425046,0
O=[N+]([O-])C1=CC=NC1NCCSCc1ncccc1Br,0.0018339936,0
CN1CC[C@@]23c4c5ccc(O)c4O[C@@]2(C)C(=O)CC[C@H]3[C@H]1C5,0.019221466,0
CC[C@H](C)n1ncn(-c2ccc(N3CCN(c4ccc(OC[C@@H]5CO[C@@](Cn6cncn6)(c6ccc(Cl)cc6Cl)O5)cc4)CC3)cc2)c1=O,0.23123765,0
CN1CC[C@@]23c4c5ccc(O)c4O[C@@H]2CCC[C@@H]3[C@@H]1C5,0.024824552,0
O=C(c1ccc(F)cc1)C1CCN(CCn2c(=O)[nH]c3ccccc3c2=O)CC1,0.17137904,0
CC(C)(C)/[N+]([O-])=C\c1cc[n+]([O-])cc1,0.20871446,0
CN1CC[C@@]23c4c5ccc(O)c4O[C@H]2[C@@H](O)C=C[C@@H]3[C@@H]1C5,0.00055242656,0
COC(=O)[C@@]1(O)CC[C@H]2C3CCC(=O)C4C(=O)C=CC4(C)[C@H]3C(O)CC21C,0.09396184,0
CCCCC1(CCOC(N)=O)C(=O)NC(=O)NC1=O,0.27363878,0
COc1ccc(CCN2CCC(Nc3nc4ccccc4n3Cc3ccc(F)cc3)CC2)cc1,0.027158,0
CC1(C)O[C@H]2C[C@@H]3[C@H]4C[C@H](F)C5=CC(=O)C=C[C@@]5(C)[C@]4(Cl)[C@@H](Cl)C[C@@]3(C)[C@@]2(C(=O)CO)O1,0.0013687368,0
COc1ccc2c3c1O[C@@H]1[C@@H](O)C=C[C@@H]4C(C2)N(C)CCC341,0.0008315381,0
Clc1ccc2nsnc2c1NC1=NCCN1,0.92435354,1
CN1CC(NS(=O)(=O)N(C)C)CC2c3cccc4c3c(cn4C)CC21,0.00066043204,0
CCCCNC[C@H]1COc2cccc(OCC)c2O1,0.022122592,0
O=C1CN2CCOC2(c2ccccc2F)c2cc(Cl)ccc2N1CCO,0.007550764,0
CCCN(CCC)C(=O)Cc1c(-c2ccc(C)cc2)nc2ccc(C)cn12,0.50378376,1
C[C@H]1[C@H]2C(=O)c3ccc(O)cc3[C@]1(C)CCN2CC1CC1,0.035895083,0
CC(=O)C1(O)CCC2C3CC(C)C4=CC(=O)C=CC4(C)C3(F)C(O)CC21C,0.015394029,0
CNc1cc(OC)c(C(=O)NC2CCN(Cc3ccccc3)C2C)cc1Cl,0.008959187,0
Cc1ccc(OC[C@@H](C)NC(=O)c2cc([N+](=O)[O-])ccc2Cl)cc1,0.55671763,1
CC1CC2C(C(O)CC3(C)C2CCC3(O)C(=O)CO)C2(C)C=CC(=O)C=C12,0.033786003,0
O=C1C(O)N=C(c2ccccc2F)c2cc(Cl)ccc2N1CCO,0.32534906,0
CC(=O)c1ccc2c(c1)N(CCCN1CCN(CCO)CC1)c1ccccc1S2,0.0015053098,0
O=C1Nc2ccc(Cl)nc2C(c2ccccc2Cl)=N[C@@H]1O,0.90988606,1
CN1CC[C@@](C)(CN2c3ccccc3Sc3ccccc32)C1,0.028125754,0
Cc1ccc2c(c1)C1CN(C)CCC1N2,0.00049151026,0
CCN(CC)C(=O)[C@@H]1CN2CCc3cc(OC)c(OC)cc3[C@@H]2C[C@H]1OC(C)=O,0.007375981,0
COC(=O)[C@H]1[C@H]2C[C@@H]3c4[nH]c5cc(OC)ccc5c4CCN3C[C@H]2C[C@@H](OC(=O)c2cc(OC)c(OC)c(OC)c2)[C@@H]1OC,0.08663076,0
CCCC1O[C@H]2CC3C4CCC5=CC(=O)C=C[C@]5(C)C4[C@@H](O)C[C@]3(C)[C@]2(C(=O)CO)O1,0.012191508,0
O=C(NCCN1CCN(c2cccc3c2OCC(CO)O3)CC1)c1ccc(F)cc1,0.0039307224,0
CC[C@H](C)Nc1ccc(I)c(N[C@@H](C)CC)c1,0.0056290133,0
CCC12CCN(CC3(O)CC3)[C@@H](Cc3ccc(O)cc31)C2(C)C,0.006221555,0
CN(C)CCON=C1c2ccccc2CCc2ccccc21,0.013259762,0
CC(=O)N[C@@H](CCC(N)=O)C(=O)O,0.008874756,0
COc1cccc(C(=O)CCN[C@@H](C)[C@@H](O)c2ccccc2)c1,0.0012901758,0
N#Cc1c(COc2ccccn2)nc(N)nc1-c1ccco1,0.9275105,1
O=C(O)c1cc[nH]c1NCCSCc1ncccc1Br,0.1285736,0
CCOC(=O)OC1(C(=O)OCCl)CC[C@H]2[C@@H]3CCC4=CC(=O)C=CC4(C)[C@H]3C(O)CC21C,0.08218603,0
CCC(=O)NCCC1CCc2ccc3c(c21)CCO3,0.13815488,0
CCOc1cc(N)c([N+](=O)[O-])cc1C(=O)NC1CCN(C[C@@H]2CC=CCC2)CC1,0.050083138,0
c1ccc(C2(c3ccccc3)OCC(C3CCCCN3)O2)cc1,0.0003781241,0
COc1ccc([C@H]2CC(=O)Oc3cc(C)oc(=O)c32)cc1,0.72153145,1
C[C@]12C[C@H](O)[C@H]3[C@@H](C[C@H](F)C4=CC(=O)C=C[C@@]43C)[C@@H]1CC[C@]2(O)C(=O)CO,0.013529921,0
C=CC1C[C@@H]2CC[C@H]1C[C@@H]2[C@@H](O)c1ccnc2ccc(OC)cc12,0.4525558,1
CCOC(=O)C1(c2ccccc2)CCN(C)CC1,0.0017133622,0
Cc1cc(Br)cc(C(N)=O)c1O,0.6533087,1
CN(C)C/C=C(/c1ccc(Br)cc1)c1cccnc1,0.006924386,0
C=C1CC2C3CCC4=CC(=O)C=C[C@]4(C)[C@@]3(F)[C@@H](O)C[C@]2(C)[C@@]1(O)C(=O)CO,0.002468678,0
CNC(=O)Oc1ccc2c(c1)C1(C)CCN(C)[C@H]1N2C,0.0050114566,0
COc1cc(C(C)=O)ccc1OCCCN1CCC(c2noc3cc(F)ccc23)CC1,0.21895333,0
CCC(=O)OC1(C(=O)COC)C(C)CC2C3CCC4=CC(=O)C=CC4(C)C3(F)C(O)CC21C,0.025644666,0
CC(C)(CO)[C@@H](O)C(=O)NCCCC(=O)O,0.0066598775,0
O=C(Cc1ccc(Cl)c(Cl)c1)N1CCCCC1CN1CCCC1,0.016619593,0
CC12C=CC(=O)C=C1CCC1C2C(=O)CC2(C)C1CCC2(O)C(=O)CO,0.042309403,0
C[C@]12C[C@@H](O)[C@H]3[C@@H](CCC4=CC(=O)CC[C@@]43C)[C@@H]1CC[C@@H]2C(=O)CO,0.2103945,0
C[C@H]1C[C@H]2[C@H]3CC[C@@](O)(C(=O)COC(=O)CCC(=O)O)[C@@]3(C)C[C@H](O)[C@H]2[C@@]2(C)C=CC(=O)C=C12,0.05293608,0
CN(C)CC[C@H](c1ccccc1)C1CCCCC1,0.018154543,0
CCC,0.2759273,0
COC[C@H]1CN(c2ccc(OCC[C@H](O)C(F)(F)F)cc2)C(=O)O1,0.002575934,0
CN1C[C@H](NS(=O)(=O)N(C)C)C[C@H]2c3cccc4c3c(cn4C)C[C@H]21,0.00066043204,0
CO[C@@]12CC[C@@]3(C[C@@H]1C(C)(C)O)[C@H]1Cc4ccc(O)c5c4[C@@]3(CCN1CC1CC1)[C@H]2O5,0.023658577,0
CCn1nnn(CCN2CC[C@H](N(C(=O)COC)c3ccccc3F)[C@H](C)C2)c1=O,0.10242184,0
CC1(C)CN(CCN2CCN(c3cccc(Cl)c3)C2=O)C1,0.004593358,0
COc1ccc(OCC2CN(C)CCC2c2ccccc2)cc1,0.0031410826,0
CCCC(=O)OC1(C(=O)COC(=O)CC)CCC2C3CCC4=CC(=O)CCC4(C)C3C(O)CC21C,0.24747995,0
C[C@@H]1NC(=O)CO[C@H]1c1ccccc1,0.00071070495,0
Cc1nnc2n1-c1ccc(Cl)cc1C(c1ccccc1Cl)=NC2,0.99720037,1
CC1=C(C(=NO1)C2=CC=C(C=C2)F)COC3=NC4=C(CN(CC4)C(=O)CS(=O)(=O)C)C=C3,0.94486904,1
CCOC(=O)c1ncn2c1CN(C)C(=O)c1cc(F)ccc1-2,0.98189086,1
Cc1onc(-c2ccc(F)cc2)c1COc1ccc(C(=O)N2CCS(=O)(=O)CC2)cn1,0.98030955,1
CN1C(=O)CN=C(c2ccccc2F)c2cc([N+](=O)[O-])ccc21,0.9712308,1
CC1=C(C(=CC2=C1N=CN2CC3CC3)NC4=NC=C(C=C4)C5=CN(C=N5)C)F,0.9910772,1
Cc1nnc2n1-c1ccc(Cl)cc1C(c1ccccc1)=NC2,0.9883471,1
[Zn+2],0.5050163,1
COC(=O)c1cc(-c2ccc(OC)cc2)c(-c2ccncc2)n(C)c1=O,0.8713497,1
Cc1cc(-c2nnc3c4ccccc4c(OCc4cn(C)nn4)nn23)no1,0.9998754,1
CC(=O)[C@H]1CC[C@H]2[C@@H]3CC[C@H]4C[C@H](O)CC[C@]4(C)[C@H]3CC[C@]12C,0.7961991,1
CC(C)(C)OC(=O)c1ncn2c1[C@@H]1CCCN1C(=O)c1c(Br)cccc1-2,0.95249563,1
CCC1=C2C3=CC(=C(C=C3NC2=CN=C1C(=O)OC)OC)OC,0.9586121,1
CC(=O)[C@H]1CC[C@H]2[C@@H]3CC[C@H]4C[C@H](O)CC[C@]4(C)[C@H]3CC[C@]12C,0.7961991,1
Cn1ncnc1COc1nn2c(-c3cc(F)ccc3F)nnc2cc1C(C)(C)C,0.9988005,1
Cc1cc(-c2nncc3c(C(C)(C)C)c(OCc4ncnn4C)nn23)no1,0.9992588,1
O=C(c1ccccn1)c1cnn2c(-c3ccncc3)ccnc12,0.9957581,1
CCOC(=O)c1ncn2c1CN(C)C(=O)c1cc(N=[N+]=[N-])ccc1-2,0.98455596,1
CN1Cc2c(C(=O)OC(C)(C)C)ncn2-c2ccsc2C1=O,0.9760075,1
FC(F)c1ncn2c1Cn1ncnc1-c1cc(Br)ccc1-2,0.9968636,1
C#Cc1ccc2c(c1)C(=O)N(C)Cc1c(C(=O)OC(C)(C)C)ncn1-2,0.9113678,1
C[C@]12CC[C@@H](O)C[C@@H]1CC[C@@H]1[C@@H]2CC[C@]2(C)[C@@H](C(=O)CO)CC[C@@H]12,0.68981844,1
CC(C)(C1=C(C2=NC=C(N2C=C1)C3=CC(=C(C=C3)F)C4=C(C=C(C=C4)F)C#N)F)O,0.9111871,1
CCn1ncnc1COc1nn2c(-c3ccccc3F)nnc2cc1C(C)(C)C,0.99536127,1
CCOC(=O)c1ncc2[nH]c3cccc(OC(C)C)c3c2c1C,0.94015485,1
CN1C(=O)CN=C(c2ccccc2F)c2cc([N+](=O)[O-])ccc21,0.9712308,1
C[C@]12CC[C@@H](O)C[C@@H]1CC[C@@H]1[C@@H]2CC[C@]2(C)[C@@H](C(=O)CO)CC[C@@H]12,0.68981844,1
C1=CC=C(C=C1)N2C(=O)C3=C(N2)C4=CC=CC=C4N=C3,0.9772042,1
CCOC(=O)c1ncn2c1CN(C)C(=O)c1cc(F)ccc1-2,0.98189086,1
CCOC(=O)C1=C2CN(C(=O)C3=C(N2C=N1)C=CC(=C3)F)CC[18F],0.9197851,1
NC(=O)O[C@@H](Cn1ncnn1)c1ccccc1Cl,0.91177726,1
CCOC(=O)c1ncn2c1CN(C)C(=O)c1cc(N=[N+]=[N-])ccc1-2,0.98455596,1
N=C(N)NC(=O)c1nc(Cl)c(N)nc1N,0.9708072,1
NS(=O)(=O)c1cc(C(=O)O)c(NCc2ccco2)cc1Cl,0.76436865,1
COC1=CC=C(C=C1)N2C(=O)C3=CN=C4C=C(C=CC4=C3N2)OC,0.9725644,1
COc1cccc(-n2nc3c4cc(Cl)ccc4[nH]cc-3c2=O)c1,0.9945146,1
COc1ccc(-n2nc3c4ccc(Br)cc4[nH]cc-3c2=O)cc1,0.9890058,1
CCCNC(=O)c1nnc2c(-c3c(F)cccc3OC)cccc2c1N,0.9554765,1
O=C1CN=C(c2ccccc2Cl)c2cc([N+](=O)[O-])ccc2N1,0.97301537,1
CC(=O)[C@H]1CC[C@H]2[C@@H]3CC[C@H]4C[C@H](O)CC[C@]4(C)[C@H]3CC[C@]12C,0.7961991,1
Cc1ccc(-c2nc3ccc(C)cn3c2CC(=O)N(C)C)cc1,0.5953741,1
CN1C(=O)CN=C(c2ccccc2)c2cc(Cl)ccc21,0.72698224,1
CC(=O)[C@H]1CC[C@H]2[C@@H]3CC[C@H]4C[C@](C)(O)CC[C@]4(C)[C@H]3CC[C@]12C,0.7718817,1
CC(=O)N(C)c1cccc(-c2ccnc3c(C(=O)c4cccs4)cnn23)c1,0.983403,1
Cc1ccc(-c2nc3ccc(C)cn3c2CC(=O)N(C)C)cc1,0.5953741,1
CN1C(=O)CN=C(c2ccccc2)c2cc(Cl)ccc21,0.72698224,1
