Compound,Smiles,Interaction
gefitinib,COc1cc2ncnc(Nc3ccc(F)c(Cl)c3)c2cc1OCCCN1CCOCC1,0
1-nonene,C=CCCCCCCC,0
tetrachloroethylene,ClC(Cl)=C(Cl)Cl,0
unii-6m09zns9d1,CN(C)CCO[C@](C)(c1ccccc1)c1ccc(Cl)cc1,0
zinc31983000,CN1CCN(C(=O)O[C@@H]2C3=C(SCCS3)C(=O)N2c2ccc3ccc(Cl)nc3n2)CC1,0
harmalol,Cc1[nH]ccc2c1[nH]c1cc(=O)ccc12,0
10-{2-[(2r)-1-methylpiperidin-2-yl]ethyl}-2-(methylsulfanyl)-10h-phenothiazine,CSc1ccc2c(c1)N(CC[C@H]1CCCCN1C)c1ccccc1S2,0
zinc1708378,CCN[C@@H](Cc1ccccc1)[C@H]1CCCO1,0
frovatriptan racemate,CNC1CCc2[nH]c3ccc(C(N)=O)cc3c2C1,0
atropine-oxide,C[N+]1([O-])[C@H]2CC[C@H]1CC(OC(=O)[C@@H](CO)c1ccccc1)C2,0
sumatriptan,CNS(=O)(=O)Cc1ccc2[nH]cc(CCN(C)C)c2c1,0
(r)-glutethimide,CC[C@]1(c2ccccc2)CCC(=O)NC1=O,0
etorphine,CCC[C@](C)(O)C1C[C@@]23C=C[C@]1(OC)[C@@H]1Oc4c(O)ccc5c4[C@@]12CCN(C)[C@@H]3C5,0
amelometasone,CCC(=O)O[C@]1(C(=O)COC)[C@@H](C)C[C@H]2[C@@H]3CCC4=CC(=O)C=C[C@]4(C)[C@@]3(F)[C@@H](O)C[C@@]21C,0
,CO[C@H]1CC[C@@H]2C3Cc4ccc(O)c5c4C2(CCN3C)[C@@H]1O5,0
hydantoin,O=C1CNC(=O)N1,0
enflurane,COC(=O)C[C@@H](c1ccc2c(c1)OCO2)c1cc2c(cc1O)OCO2,0
fr260010,Cc1cn(-c2cccc(Nc3ncnc4c3CCc3ccccc3-4)c2)cn1,0
antihistamine-1,Cc1cnn(C2CCN(c3nc4ccccc4n3Cc3ccc(F)cc3)CC2)c1,0
octriptyline,CNCCC=C1c2ccccc2C2CC2c2ccccc21,0
gamfexine,CN(C)CC[C@@H](c1ccccc1)C1CCCCC1,0
methyprylon,CCC1(CC)C(=O)NCC(C)C1=O,0
"(6s,8s,9r,10s,11r,13s,14s,16s,17s)-6,9-difluoro-11,16,17-trihydroxy-17-(2-hydroxyacetyl)-10,13-dimethyl-6,7,8,11,12,14,15,16-octahydrocyclopenta[a]phenanthren-3-one",C[C@]12C[C@@H](O)[C@@]3(F)[C@@H](C[C@H](F)C4=CC(=O)C=C[C@@]43C)[C@@H]1C[C@H](O)[C@]2(O)C(=O)CO,0
,C[C@H]1C[C@@H]2[C@H]([C@@H](O)CC3(C)[C@@H](C(=O)O)CC[C@@H]23)C2(C)CCC(=O)C=C12,0
(r)-propylhexedrine,CN[C@H](C)CC1CCCCC1,0
,CCCC(=O)O[C@@]1(C(=O)COC(C)=O)CC[C@@H]2[C@H]3C[C@@H](F)C4=CC(=O)C=C[C@@]4(C)[C@]3(F)[C@@H](O)C[C@]21C,0
hydrocortisone cypionate,C[C@]12C[C@H](O)[C@H]3[C@@H](CCC4=CC(=O)CC[C@@]43C)[C@@H]1CC[C@]2(O)C(=O)COC(=O)CCC1CCCC1,0
etacepride,CCN1CCCC1CNC(=O)c1cc(C(C)=O)ccc1OC,0
"21-chloro-9-fluoro-11,17-dihydroxy-16-methylpregna-1,4-diene-3,20-dione",CC1CC2C3CCC4=CC(=O)C=CC4(C)C3(F)C(O)CC2(C)C1(O)C(=O)CCl,0
bis(chloroethyl)nitrosourea (carmustine) (bcnu),O=NN(CCCl)C(=O)NCCCl,0
pyridarone,c1ccc2oc(-c3ccncc3)cc2c1,0
cimepanol,CC(C)C(O)C1CCCCC1,0
thebaine,COC1=CC=C2[C@H]3Cc4ccc(OC)c5c4[C@@]2(CCN3C)[C@H]1O5,0
benzyl alcohol,OCc1ccccc1,0
budipine,CC(C)(C)N1CCC(c2ccccc2)(c2ccccc2)CC1,0
1-butanol,CCCCO,0
,C=CC1O[C@H]2C[C@H]3[C@@H]4CCC5=CC(=O)C=CC5(C)C4(F)C(O)CC3(C)C2(C(=O)CO)O1,0
,C=CCN1CCC23c4c5ccc(O)c4O[C@@H]2C2(OC)C=CC3(C[C@H]2C(C)(O)CCC)C1C5,0
trovafloxacin,CCOc1ccc(N([C@@H](CC)C(=O)Nc2c(C)cccc2CC)S(C)(=O)=O)cc1,0
semaxanib,Cc1cc(C)c(/C=C2\C(=O)Nc3ccccc32)[nH]1,0
indole-based mchr1 antagonist(7a),O=C(Cc1ccc(OCc2ccccc2)cc1)Nc1ccc2cnn(CCN3CCCC3)c2c1,0
methane,C,0
cloticasone,C[C@@H]1C[C@H]2[C@@H]3C[C@H](F)C4=CC(=O)C=C[C@]4(C)[C@@]3(F)[C@@H](O)C[C@]2(C)[C@@]1(O)C(=O)SCCl,0
,CC(=O)OCC(=O)[C@]1(O)[C@H](C)C[C@@H]2[C@H]3CCC4=CC(=O)C=C[C@@]4(C)[C@]3(F)[C@@H](O)C[C@]21C,0
"n-[(1s,5s)-8-benzyl-8-azabicyclo[3.2.1]octan-3-yl]-2,3-dimethoxybenzamide",COc1cccc(C(=O)NC2C[C@@H]3CC[C@@H](C2)N3Cc2ccccc2)c1OC,0
zinc5651434,C=CCC1([C@@H](C)CC)C(=O)NC(=O)NC1=O,0
cloprednol,C[C@]12C[C@H](O)[C@H]3C(C=C(Cl)C4=CC(=O)C=C[C@@]43C)[C@@H]1CC[C@]2(O)C(=O)CO,0
azepindole,c1ccc2c(c1)cc1n2CCCNC1,0
mesoridazine,CN1CCCC[C@H]1CCN1c2ccccc2Sc2ccc([S+](C)[O-])cc21,0
mofegiline,NC/C(=C/F)CCc1ccc(F)cc1,0
noscapine,COc1ccc2c(c1OC)C(=O)O[C@H]2[C@@H]1c2c(cc3c(c2OC)OCO3)CCN1C,0
terbinafine,CN(C/C=C/C#CC(C)(C)C)Cc1cccc2ccccc12,0
(s)-aptazapine,CN1CCN2c3ccccc3Cn3cccc3[C@@H]2C1,0
atropine n-oxide,C[N+]1([O-])[C@H]2CC[C@@H]1CC(OC(=O)C(CO)c1ccccc1)C2,0
rolicyprine,O=C1CC[C@@H](C(=O)N[C@@H]2C[C@H]2c2ccccc2)N1,0
pindolol,O=C(C[C@H]1C[C@H]2CC[C@@H]1C2)NC[C@@H](O)c1ccccc1,0
unii-13w6wjx09r,N=C(N)SCCF,0
dupracetam,O=C(CN1CCCC1=O)NNC(=O)CN1CCCC1=O,0
,CCC(NC(=O)c1c(C)c(-c2ccccc2)cc2ccccc12)c1ccccc1,0
teniloxazine,c1csc(Cc2ccccc2OCC2CNCCO2)c1,0
idebenone,COC1=C(OC)C(=O)C(CCCCCCCCCCO)=C(C)C1=O,0
camptothecin,CC[S@@]1(O)C(=O)OCc2c1cc1n(c2=O)Cc2cc3ccccc3nc2-1,0
amiperone,CN(C)C(=O)C1(c2ccc(Cl)cc2)CCN(CCCC(=O)c2ccc(F)cc2)CC1,0
xorphanol,C=C1C[C@H](C)[C@H]2[C@H]3Cc4ccc(O)cc4[C@@]2(CCN3CC2CCC2)C1,0
tonazocine,CCCCCC(=O)CC[C@]1(C)[C@@H]2Cc3ccc(O)cc3[C@@]1(C)CCN2C,0
clocortolone,C[C@@H]1C[C@H]2[C@@H]3C[C@H](F)C4=CC(=O)C=C[C@]4(C)[C@@]3(Cl)[C@@H](O)C[C@]2(C)[C@H]1C(=O)CO,0
2-o-methyl-paf (c),CCCCCCCCCCCCCCCCCCOCC(COP(=O)(O)OCC[N+](C)(C)C)OC,0
alclometasone-dipropionate,CCC(=O)OCC(=O)[C@@]1(OC(=O)CC)[C@H](C)C[C@H]2[C@H]3[C@H]([C@@H](O)C[C@@]21C)[C@@]1(C)C=CC(=O)C=C1C[C@H]3Cl,0
"methyl (1s,6r)-6-methyl-2-oxo-4-[3-(trifluoromethoxy)anilino]cyclohex-3-ene-1-carboxylate",COC(=O)[C@@H]1C(=O)C=C(Nc2cccc(OC(F)(F)F)c2)C[C@H]1C,0
unii-5359i0ru7w,NC(=O)CN1C(=O)[C@@H](c2ccccc2)c2ccccc21,0
perazine,CN1CCN(CCCN2c3ccccc3Sc3ccccc32)CC1,0
,CN1CC[C@]23c4c5ccc(OC(=O)c6cccnc6)c4O[C@H]2[C@H](OC(=O)c2cccnc2)C=C[C@H]3[C@H]1C5,0
dextrorphan,CN1CC[C@@]23CCCC[C@@H]2[C@@H]1Cc1ccc(O)cc13,0
zinc1150,CC(C)N[C@H]1C2CCC(CC2)[C@]1(O)c1ccc(Cl)c(Cl)c1,0
,C[C@H]1C[C@H]2[C@@H]3C[C@H](F)C4=CC(=O)C=CC4(C)C3(F)[C@@H](O)CC2(C)C1(O)C(=O)COC(=O)C(C)(C)C,0
"9h-pyrido[3,4-b]indole",c1ccc2c(c1)[nH]c1cnccc12,0
denbufylline,CCCCn1c(=O)c2c(ncn2CC(C)=O)n(CCCC)c1=O,0
lorcinadol,Clc1ccc(N2CCN(C/C=C/c3ccccc3)CC2)nn1,0
cyclosporin a,C/C=C/CC(C)C(O)C1C(=O)NC(CC)C(=O)N(C)CC(=O)N(C)C(CC(C)C)C(=O)NC(C(C)C)C(=O)N(C)C(CC(C)C)C(=O)NC(C)C(=O)NC(C)C(=O)N(C)C(CC(C)C)C(=O)N(C)C(CC(C)C)C(=O)N(C)C(C(C)C)C(=O)N1C,0
loratadine,CCOC(=O)N1CCC(=C2c3ccc(Cl)cc3CCc3cccnc32)CC1,0
pentamorphone,CCCCCN[C@@]12C=CC(=O)[C@@H]3Oc4c(O)ccc5c4[C@@]31CCN(C)[C@@H]2C5,0
suriclone,CN1CCN(C(=O)OC2C3=C(SCCS3)C(=O)N2c2ccc3ccc(Cl)nc3n2)CC1,0
etorphine,CCC[C@@](C)(O)[C@H]1C[C@]23C=C[C@@]1(OC)[C@H]1Oc4c(O)ccc5c4[C@@]12CCN(C)[C@@H]3C5,0
dexindoprofen,C[C@H](C(=O)O)c1ccc(N2Cc3ccccc3C2=O)cc1,0
,CCN1CC[C@]23[C@@H]4C=C[C@H](O)[C@@H]2OC2=C(O)C=C[C@H](C[C@@H]41)[C@@H]23,0
zinc601234,COC[C@H]1CN=C(c2ccccc2Cl)c2cc(Br)ccc2N1C,0
eltoprazine,c1cc2c(c(N3CCNCC3)c1)OCCO2,0
156154-71-1,COC(=O)C1C(=O)C=C(Nc2cccc([N+](=O)[O-])c2)CC1C,0
balaperidone,O=c1[nH]c2ccccc2c(=O)n1CCN1C[C@H]2[C@@H](c3ccc(F)cc3)C[C@H]2C1,0
ketoconazole,CC(=O)N1CCN(c2ccc(OC[C@@H]3CO[C@@](Cn4ccnc4)(c4ccc(Cl)cc4Cl)O3)cc2)CC1,0
,COC(=O)[C@@H]1C(O)=CC(Nc2cccc(OC(F)(F)F)c2)=C[C@@H]1C,0
benzindopyrine hydrochloride,c1ccc(Cn2cc(CCc3ccncc3)c3ccccc32)cc1,0
fenbutrazate,CC[C@@H](C(=O)OCCN1CCO[C@@H](c2ccccc2)[C@@H]1C)c1ccccc1,0
trifluomeprazine,C[C@@H](CN(C)C)CN1c2ccccc2Sc2ccc(C(F)(F)F)cc21,0
chembl71323,O=C(Cc1ccc(Cl)c(Cl)c1)N1CCn2ccnc2[C@@H]1CN1CCCC1,0
,CC(=O)OCC(=O)C1(O)[C@@H](C)C[C@H]2[C@@H]3C[C@H](F)C4=CC(=O)C=CC4(C)[C@H]3[C@@H](O)CC21C,0
unii-x7yc41b666,COc1ccc2c(c1)CN(C)C[C@H]2c1ccc(Cl)c(Cl)c1,0
amesergide,CC(C)n1cc2c3c(cccc31)C1CC(C(=O)NC3CCCCC3)CN(C)C1C2,0
nelfinavir,Cc1c(O)cccc1C(=O)N[C@@H](CSc1ccccc1)[C@@H](O)CN1CC2CCCCC2C[C@H]1C(=O)CNC(C)(C)C,0
rociclovir,CC(C)OCC(COC(C)C)OCn1cnc2cnc(N)nc21,0
cormethasoneacetate (cormetasone-acetate),CC(=O)OCC(=O)C1(O)C(C)CC2C3CC(F)(F)C4=CC(=O)C=CC4(C)C3(F)C(O)CC21C,0
aceprometazine,CC(=O)c1ccc2c(c1)N(CC(C)N(C)C)c1ccccc1S2,0
aprepitant,C[C@@H](O[C@H]1OCCN(Cc2n[nH]c(=O)[nH]2)[C@H]1c1ccc(F)cc1)c1cc(C(F)(F)F)cc(C(F)(F)F)c1,0
184886-95-1,Clc1cccc(Cl)c1NC1N=CCN1,0
,C[C@H]1C[C@H]2[C@@H]3C[C@H](F)C4=CC(=O)C=CC4(C)C3(F)[C@@H](O)CC2(C)C1C(=O)CO,0
mchr antagonist 19,Clc1ccc2[nH]nc(NC3CCN(Cc4ccc5c(c4)OCO5)CC3)c2c1,0
,Oc1ccc2c3c1O[C@H]1[C@H](O)CC[C@]4(O)[C@@H](C2)N(CC2CCC2)CC[C@]314,0
(r)-alonimid,O=C1CC[C@@]2(CCC(=O)c3ccccc32)C(=O)N1,0
flumethasone(flumetasoneanddiflorasone),C[C@@H]1C[C@H]2[C@@H]3C[C@H](F)C4=CC(=O)C=C[C@]4(C)[C@@]3(F)[C@@H](O)C[C@]2(C)[C@@]1(O)C(=O)CO,0
604-75-1,O=C1Nc2ccc(Cl)cc2C(c2ccccc2)=NC1O,0
oxycodone,COc1ccc2c3c1O[C@H]1C(=O)CC[C@@]4(O)[C@@H](C2)N(C)CC[C@@]314,0
"8-[4-(5-(123i)iodanylthiophen-2-yl)-4-oxobutyl]-3-methyl-1-phenyl-1,3,8-triazaspiro[4.5]decan-4-one",CN1CN(c2ccccc2)C2(CCN(CCCC(=O)c3ccc(I)s3)CC2)C1=O,0
cathinone,C[C@H](N)C(=O)c1ccccc1,0
clocortolone-acetate,CC(=O)OCC(=O)C1C(C)CC2C3CC(F)C4=CC(=O)C=CC4(C)C3(Cl)C(O)CC21C,0
isoxepac,O=C(O)Cc1ccc2c(c1)C(=O)c1ccccc1CO2,0
dronabinol,CCCCCc1cc(O)c2c(c1)OC(C)(C)C1CCC(C)=CC21,0
oxilorphan,Oc1ccc2c(c1)C13CCCCC1(O)C(C2)N(CC1CC1)CC3,0
bromperidol-decanoate,CCCCCCCCCC(=O)OC1(c2ccc(Br)cc2)CCN(CCCC(=O)c2ccc(F)cc2)CC1,0
cinperene,O=C1CC[C@@](c2ccccc2)(C2CCN(C/C=C/c3ccccc3)CC2)C(=O)N1,0
hydrocortisone-buteprate,CCCC(=O)OCC(=O)[C@@]1(OC(=O)CC)CC[C@H]2[C@@H]3CCC4=CC(=O)CC[C@]4(C)[C@H]3[C@@H](O)C[C@@]21C,0
b-049,O=[N+]([O-])c1[nH]ccc1NCCSCc1ncccc1Br,0
pfizer compound 19,COc1cc2oc(C)nc2cc1CNC1CCCNC1c1ccccc1,0
nalmexone,CC(C)=CCN1CC[C@@]23c4c5ccc(O)c4O[C@H]2C(=O)CC[C@@]3(O)[C@H]1C5,0
tolboxane,CCCC1(C)COB(c2ccc(C)cc2)OC1,0
methylcyclohexane,CC1CCCCC1,0
"[(2r,9s)-2-carbamoyl-9-tricyclo[9.4.0.03,8]pentadeca-1(15),3,5,7,11,13-hexaenyl] acetate",CC(=O)O[C@H]1Cc2ccccc2[C@@H](C(N)=O)c2ccccc21,0
dulozafone,CN(C(=O)CN(CCO)CCO)c1ccc(Cl)cc1C(=O)c1ccccc1Cl,0
triamcinolone-diacetate,CC(=O)OCC(=O)[C@@]1(O)[C@H](OC(C)=O)C[C@H]2[C@@H]3CCC4=CC(=O)C=C[C@]4(C)[C@@]3(F)[C@@H](O)C[C@@]21C,0
deximafen (imafen),c1ccc(C2CN=C3NCCN32)cc1,0
butaclamol,CC(C)(C)[C@@]1(O)CCN2C[C@H]3c4ccccc4CCc4cccc(c43)[C@H]2C1,0
dtxsid90937058,C=CCN1CCC23c4c5ccc(O)c4OC2C2(OC)C=CC3(CC2[C@](C)(O)CCC)C1C5,0
84414-90-4,Cc1cn([C@@H]2C=C[C@@H](CO)O2)c(=O)[nH]c1=O,0
7439-93-2,[Li],0
schembl6253205,COc1cc2sc(C(C)(C)C)nc2cc1CN[C@H]1CCCN[C@H]1c1ccccc1,0
hydrocortisone-valerate,CCCCC(=O)O[C@]1(C(=O)CO)CC[C@H]2[C@@H]3CCC4=CC(=O)CC[C@]4(C)[C@H]3[C@@H](O)C[C@@]21C,0
59388-44-2,O=C1CCC(C(=O)N2CCCCC2)N1,0
pfizer compound 17,COc1cc2sc(C)nc2cc1CNC1CCCNC1c1ccccc1,0
schembl448850,CCCC(=O)OC1(C(=O)CCl)C(C)CC2C3CCC4=CC(=O)C=CC4(C)C3(F)C(=O)CC21C,0
mevastatin,CC[C@H](C)C(=O)O[C@H]1CCC=C2C=C[C@H](C)[C@H](CC[C@@H]3C[C@@H](O)CC(=O)O3)[C@H]21,0
berupipam,CN1CCc2cc(Cl)c(O)cc2[C@H](c2cc(Br)cc3c2OCC3)C1,0
prednival,CCCCC(=O)O[C@]1(C(=O)CO)CC[C@H]2[C@@H]3CCC4=CC(=O)C=C[C@]4(C)[C@H]3[C@@H](O)C[C@@]21C,0
59468-90-5,OCc1ncc2n1-c1ccc(Cl)cc1C(c1ccccc1F)=NC2,0
oxisopred,CC12C=CC(=O)C1C(=O)CCC1C2C(O)CC2(C)C1CCC2(O)C(=O)CO,0
schembl19923339,N=c1nc(N2CCCCC2)ccn1O,0
ethypicone,CCC1(CC)C(=O)NC=C(C)C1=O,0
carisoprodol,CCCC(C)(COC(N)=O)COC(=O)NC,0
(s)-(-)-pindolol,CC(C)NC[C@H](O)COc1cccc2[nH]ccc12,0
water,O,0
antibiotic mx 2,CCC1(O)CC(OC2CC(N3CCOCC3)C(O)C(C)O2)c2c(O)c3c(c(O)c2C1O)C(=O)c1cccc(O)c1C3=O,0
s118,CC1CCN(CCC2CCN2S(=O)(=O)C2=CC(O)=CCC2)CC1,0
(2s)-oxazolam,C[C@H]1CN2CC(=O)Nc3ccc(Cl)cc3C2(c2ccccc2)O1,0
itrocinonide,CCC[C@H]1O[C@H]2C[C@H]3[C@H]4C[C@H](F)C5=CC(=O)C=C[C@@]5(C)[C@@]4(F)[C@H](O)C[C@@]3(C)[C@]2(C(=O)O[C@H](C)OC(=O)OCC)O1,0
ezlopitant,COc1ccc(C(C)C)cc1CN[C@H]1C2CCN(CC2)[C@H]1C(c1ccccc1)c1ccccc1,0
zinc5354935,CC(C)(C)[N+](O)=Cc1cc[n+]([O-])cc1,0
(r)-amedalin,CNCCC[C@@]1(C)C(=O)N(c2ccccc2)c2ccccc21,0
fluphenazine,OCCN1CCN(CCCN2c3ccccc3Sc3ccc(C(F)(F)F)cc32)CC1,0
etoxadrol,CCC1(c2ccccc2)OCC(C2CCCCN2)O1,0
cicortonide,CC(=O)CC(=O)[C@@]12OC(C)(C)O[C@H]1C[C@H]1[C@H]3CC(C#N)=C4C=C(OCCCl)CC[C@@]4(C)[C@@]3(F)[C@H](O)C[C@]12C,0
,COc1ccc2c3c1O[C@@H]1C(OC(C)=O)=CC[C@@H]4C(C2)N(C)CCC314,0
chembl88330,COc1ccc(-c2cc(NCCO)c3ccccc3n2)cc1,0
,CC12C=CC(=O)C=C1CC[C@H]1[C@@H]3CCC(O)(C(=O)CO)C3(C)C[C@H](O)C12F,0
trimethoprim,CC[C@@H](C)[C@@H](CO)NC(=O)CCc1nnc(-c2ccccc2)o1,0
zinc582,C[C@H](CN(C)C)CN1c2ccccc2S(=O)(=O)c2ccccc21,0
,Cc1cc(NC(=O)C2=C(O)c3ccccc3S(=O)(=O)[C@@H]2C)no1,0
thiopropazate,CC(=O)OCCN1CCN(CCCN2c3ccccc3Sc3ccc(Cl)cc32)CC1,0
-,Cc1nc2cc(CNC3CCCNC3c3ccccc3)c(OC(C)C)cc2s1,0
dual-release hydrocortisone,C[C@@]12CCC(=O)C=C1CC[C@H]1[C@H]2[C@H](O)C[C@]2(C)[C@@H]1CC[C@@]2(O)C(=O)CO,0
spiclamine,Clc1ccc([C@H]2[C@H]3CC[C@@H](C3)[C@@]23CCC(N2CCOCC2)=N3)cc1,0
piperidinederivatives 2,O=C(NCCCCN1CCC(Nc2cccc(C(F)(F)F)c2)CC1)c1ccc(Br)cc1,0
,CCOC(=O)O[C@]1(C(=O)OCCl)CC[C@@H]2[C@H]3CCC4=CC(=O)C=C[C@]4(C)[C@@H]3[C@H](O)C[C@@]21C,0
oxisopred,C[C@]12C[C@H](O)[C@H]3[C@@H](CCC(=O)C4C(=O)C=C[C@@]43C)[C@@H]1CC[C@]2(O)C(=O)CO,0
tripyrolidine,Cc1ccc(/C(=C/CN2CCCC2)c2ccccn2)cc1,0
chembl401446,N#Cc1cccc(C2=Nc3ccc(C#Cc4ccccc4)cc3NC(=O)C2)c1,0
fluorometholone,CC(=O)[C@@]1(O)CC[C@H]2[C@@H]3C[C@H](C)C4=CC(=O)C=C[C@]4(C)[C@@]3(F)[C@@H](O)C[C@@]21C,0
alletorphine,C=CCN1CCC23c4c5ccc(O)c4O[C@H]2C2(OC)C=CC3(C[C@@H]2C(C)(O)CCC)C1C5,0
48264-ep2275420a1,N[C@@H]1C[C@H]1c1ccccc1,0
"5-[(2s)-hex-3-yn-2-yl]-1-methyl-5-prop-2-enyl-1,3-diazinane-2,4,6-trione",C=CCC1([C@@H](C)C#CCC)C(=O)NC(=O)N(C)C1=O,0
testosterone,CC12CCC(=O)C=C1CCC1C2CCC2(C)C(O)CCC12,0
imipramine,COc1ccc([C@H]2[C@@H](S(=O)(=O)c3ccccc3)[C@]2(C#N)C=O)cc1,0
(e)-tamoxifen,CC/C(=C(/c1ccccc1)c1ccc(OCCN(C)C)cc1)c1ccccc1,0
5-octyl-5-ethyl barbituric acid,CCCCCCCCC1(CC)C(=O)NC(=O)NC1=O,0
difebarbamate,CCCCOCC(CN1C(=O)N(CC(COCCCC)OC(N)=O)C(=O)C(CC)(c2ccccc2)C1=O)OC(N)=O,0
triclacetamol,O=C(Nc1ccc(O)cc1)C(Cl)(Cl)Cl,0
fenaperone,O=C(CCCN1CCN(C(=O)OC2CCCCC2)CC1)c1ccc(F)cc1,0
minaprine,Cc1cc(-c2ccccc2)nnc1NCCN1CCOCC1,0
amphetamine,CC(N)Cc1ccccc1,0
unii-thb9t1jz6c,CCC(=O)C(c1ccccc1)(c1ccccc1)[C@@H](C)CN(C)C,0
stavudine,Cc1cn(C2C=CC(CO)O2)c(=O)[nH]c1=O,0
prednisolone acetate,CC(=O)OCC(=O)[C@@]1(O)CC[C@H]2[C@@H]3CCC4=CC(=O)C=C[C@]4(C)[C@H]3[C@@H](O)C[C@@]21C,0
145877-52-7,COc1ccc(OC(F)(F)F)cc1CNC1CCCNC1c1ccccc1,0
,C[C@H]1C[C@H]2[C@@H]3C[C@H](F)C4=CC(=O)C=CC4(C)C3(Cl)C(O)CC2(C)C1C(=O)COC(=O)C(C)(C)C,0
lubeluzole,CN(c1nc2ccccc2s1)C1CCN(C[C@H](O)COc2ccc(F)c(F)c2)CC1,0
dezocine,C[C@@]12CCCCC[C@@H](Cc3ccc(O)cc31)[C@@H]2N,0
w 3746,CC(=O)c1ccc([C@H](O)[C@H](CO)NC(=O)C(Cl)Cl)cc1,0
7-k10,Clc1ccc2c(c1)[C@H]1CCNC[C@@H]1c1ccccc1O2,0
didrovaltrate,CC(=O)O[C@@H]1C[C@H]2C(COC(=O)CC(C)C)=CO[C@@H](OC(=O)CC(C)C)[C@@H]2[C@]12CO2,0
zinc311,CC(C)(C)NC[C@@H](O)c1ccccc1F,0
napamezole,C1=C(CC2=NCCN2)CCc2ccccc21,0
,CC(C)(C)CC(=O)OCC(=O)[C@@]1(O)CC[C@@H]2[C@H]3CCC4=CC(=O)C=C[C@@]4(C)[C@@H]3[C@H](O)C[C@@]21C,0
,C[C@H]1C[C@H]2[C@@H]3C[C@H](F)C4=CC(=O)C=CC4(C)C3(F)[C@@H](O)CC2(C)C1(O)C(=O)CO,0
flumethasone21pivalate (flumetasone-pivalate),CC1CC2C3CC(F)C4=CC(=O)C=CC4(C)C3(F)C(O)CC2(C)C1(O)C(=O)COC(=O)C(C)(C)C,0
befloxatone,COCC1CN(c2ccc(OCCC(O)C(F)(F)F)cc2)C(=O)O1,0
unii-l2gwr3us1g component qqwlxnmppfcvcd-secbinfhsa-n,O=C1NCCC[C@H]1N1C(=O)c2ccccc2S1(=O)=O,0
ofloxacin,CC1COc2c(N3CCN(C)CC3)c(F)cc3c(=O)c(C(=O)O)cn1c23,0
,CN1C[C@@H](C(=O)N[C@]2(C)O[C@@]3(O)[C@@H]4CCCN4C(=O)[C@@H](Cc4ccccc4)N3C2=O)C=C2c3cccc4[nH]cc(c34)C[C@@H]21,0
ro65-7674,CSc1nn2c(N3CCNCC3)c3c(nc2c1S(=O)(=O)c1ccccc1)CCC3,0
5-[(z)-n-(2-aminoethoxy)-c-pentylcarbonimidoyl]-2-methylaniline,CCCCC/C(=N/OCCN)c1ccc(C)c(N)c1,0
methylprednisolone21hemisuccinate (methylprednisolone-hemisuccinate),CC1CC2C(C(O)CC3(C)C2CCC3(O)C(=O)COC(=O)CCC(=O)O)C2(C)C=CC(=O)C=C12,0
dacemazine,CN(C)CC(=O)N1c2ccccc2Sc2ccccc21,0
zinc2019918,COc1cc2c(cc1OC)S(=O)(=O)O[C@H](C(=O)N[C@@H](C)CC(C)(C)N(C)C)C2,0
unii-9lyo5fuo7p,C/C=C/C(=O)N(CCC)[C@H](CC)C(=O)N(C)C,0
ralitoline,Cc1cccc(Cl)c1NC(=O)/C=C1/SCC(=O)N1C,0
taltrimide,CC(C)NS(=O)(=O)CCN1C(=O)c2ccccc2C1=O,0
elegas,FS(F)(F)(F)(F)F,0
oxazepam,Cc1ncsc1CCC(=O)N[C@@H](c1cnn(C)c1)C1CC(O)C1,0
mecloralurea,CNC(=O)NC(O)C(Cl)(Cl)Cl,0
rivastigmine,CCN(C)C(=O)Oc1cccc([C@H](C)N(C)C)c1,0
ticabesone,CSC(=O)[C@@]1(O)[C@H](C)C[C@H]2[C@@H]3C[C@H](F)C4=CC(=O)C=C[C@]4(C)[C@@]3(F)[C@@H](O)C[C@@]21C,0
dinazafone,C=C(C)CNCC(=O)N(C)c1ccc(Cl)cc1C(=O)c1ccccc1,0
acetyloxyvalepotriate,CC(=O)OCC1=COC(OC(=O)CC(C)(C)OC(C)=O)C2C1=CC(OC(=O)CC(C)C)C21CO1,0
dexamethasone-acetate,CC(=O)OCC(=O)[C@@]1(O)[C@H](C)CC2C3CCC4=CC(=O)C=C[C@]4(C)[C@@]3(F)[C@@H](O)C[C@@]21C,0
,CCCC(C)(O)C1CC23C=CC1(OC)[C@H]1Oc4c(OC(C)=O)ccc5c4C12CCN(C)C3C5,0
ergotamine,CN1CC(C(=O)NC2(C)OC3(O)C4CCCN4C(=O)C(Cc4ccccc4)N3C2=O)C=C2c3cccc4[nH]cc(c34)CC21,0
suritozole,Cn1nc(-c2cccc(F)c2)n(C)c1=S,0
fluotracen,C[C@@H]1c2ccccc2[C@H](CCCN(C)C)c2cc(C(F)(F)F)ccc21,0
"n-[3-(3-cyano-1,2-dihydropyrazolo[1,5-a]pyrimidin-7-yl)phenyl]-n-ethylacetamide",CCN(C(C)=O)c1cccc(C2=CC=NC3=C(C#N)CNN23)c1,0
tienocarbine,Cc1csc2ccc3[nH]c4c(c3c12)CN(C)CC4,0
fenimide,CC[C@H]1C(=O)NC(=O)[C@@]1(C)c1ccccc1,0
(s)-rofelodine,O=C1CCN=C2C[C@@H](c3ccccc3)CN12,0
"b-066, skb-42",c1cc(CN2CCCCC2)cc(OCCCNc2nc3ccccc3o2)c1,0
pfizer compound 1,COc1ccc(C(C)C)cc1CNC1C2CCN(CC2)C1C(c1ccccc1)c1ccccc1,0
tz-11,Clc1ccc(Cl)c(N=C2NCCN2)c1,0
zotepine,CN(C)CCOC1=Cc2cc(Cl)ccc2Sc2ccccc21,0
"1,1,1-trichloro-2-fluoroethane",FCC(Cl)(Cl)Cl,0
zinc100232310,NC1[C@H]2CN(c3nc4c(cc3F)c(=O)c(C(=O)O)cn4-c3ccc(F)cc3F)C[C@H]12,0
etisulergine,CCN(CC)S(=O)(=O)N[C@H]1C[C@@H]2c3cccc4[nH]cc(c34)C[C@H]2N(C)C1,0
l-erythro-chloramphenicol,O=C(N[C@@H](CO)[C@H](O)c1ccc([N+](=O)[O-])cc1)C(Cl)Cl,0
zinc40163458,C[C@H]1CN2CC(=O)Nc3ccc(Cl)cc3[C@]2(c2ccccc2)O1,0
tandospirone,O=C1[C@@H]2[C@H]3CC[C@@H](C3)[C@H]2C(=O)N1CCCCN1CCN(c2ncccn2)CC1,0
isoprednidene,C=C1CC2C3C=CC4=CC(=O)CCC4(C)C3C(O)CC2(C)C1(O)C(=O)CO,0
,CC1(C)O[C@H]2C[C@H]3[C@@H]4C[C@H](F)C5=CC(=O)C=CC5(C)C4(Cl)[C@@H](Cl)CC3(C)C2(C(=O)CF)O1,0
50-78-2,CC(=O)Oc1ccccc1C(=O)O,0
,COc1c2c(cc(F)c1N1C[C@@H]3CCCN[C@@H]3C1)C(=O)C(C(=O)O)=C[C@@H]2NC1CC1,0
betaxolol,CC(C)NCC(O)COc1ccc(CCOCC2CC2)cc1,0
stavudine,Cc1cn([C@H]2C=C[C@@H](CO)O2)c(=O)[nH]c1=O,0
nikethamide,CCN(CC)C(=O)c1cccnc1,0
timolol,CC(C)(C)NC[C@H](O)COc1nsnc1N1CCOCC1,0
salicyluric acid (salicylurate),O=C(O)CNC(=O)c1ccccc1O,0
cns(=o)(=o)ccc=1c=c2c=c(nc2=cc=1)c1ccn(cc1)c,CNS(=O)(=O)CCc1ccc2[nH]c(C3CCN(C)CC3)cc2c1,0
bmsp,CN1CN(c2ccc(Br)cc2)C2(CCN(CCCC(=O)c3ccc(F)cc3)CC2)C1=O,0
,COc1ccc2c3c1O[C@@H]1[C@@H](O)CC[C@@H]4[C@H](C2)N(C)CC[C@]341,0
nomifensine,CN1Cc2c(N)cccc2C(c2ccccc2)C1,0
schembl79255,CC[C@@H](C)C1(CC)C(=O)NC(=O)NC1=O,0
acetorphine,CCCC(C)(O)C1CC23C=CC1(OC)C1Oc4c(OC(C)=O)ccc5c4C12CCN(C)C3C5,0
mesoridazine,CN1CCCC[C@H]1CCN1c2ccccc2Sc2ccc([S@@+](C)[O-])cc21,0
,CCC1(CC)O[C@H]2C[C@@H]3[C@H]4CCC5=CC(=O)C=C[C@@]5(C)[C@]4(F)[C@@H](O)C[C@]3(C)[C@@]2(C(=O)CO)O1,0
calcium-folinate,CCOC(=O)N1CCN(C(=O)Cc2ccc(Cl)c(Cl)c2)C(CN2CCCC2)C1,0
fluprednisolone-valerate,CCCCC(=O)O[C@]1(C(=O)CO)CCC2C3CC(F)C4=CC(=O)C=CC4(C)C3C(O)CC21C,0
zinc100268098,CN1[C@H]2CC(OC(=O)[C@@H](CO)c3ccccc3)C[C@@H]1[C@@H]1O[C@H]12,0
fenpentadiol,CC(C)(O)CC(C)(O)c1ccc(Cl)cc1,0
"2-[(8r,13r,14r,17s)-17-hydroxy-13-methyl-3-oxo-1,2,6,7,8,11,12,14,15,16-decahydrocyclopenta[a]phenanthren-17-yl]acetonitrile",C[C@@]12CCC3=C4CCC(=O)C=C4CC[C@@H]3[C@H]1CC[C@]2(O)CC#N,0
cholesterol-3-18o,CC(C)CCC[C@H](C)[C@@H]1CC[C@@H]2[C@@H]3CC=C4C[C@@H](O)CC[C@]4(C)[C@@H]3CC[C@]12C,0
pralidoxime,C[n+]1ccccc1/C=N/O,0
talipexole,C=CCN1CCc2nc(N)sc2CC1,0
m-xylene,NC(=O)c1cnccn1,0
hydromorphone,CN1CC[C@]23c4c5ccc(O)c4O[C@H]2C(=O)CC[C@H]3[C@H]1C5,0
cinolazepam,N#CCCN1C(=O)C(O)N=C(c2ccccc2F)c2cc(Cl)ccc21,0
zinc3830661,COC(=O)[C@H]1[C@H]2C[C@H]3c4[nH]c5ccccc5c4CCN3C[C@H]2C[C@H](OC(=O)c2cc(OC)c(OC)c(OC)c2)[C@H]1OC,0
zinc608045,O=C1CN=C(c2ccccc2F)c2cc(Cl)ccc2N1C[C@H](O)CO,0
quinpirole,CCCN1CCC[C@@H]2Cc3[nH]ncc3C[C@H]21,0
,CC12C=CC(=O)C=C1CC[C@H]1[C@@H]3C[C@H]4Cc5ccccc5CC4(C(=O)CO)C3(C)C[C@H](O)C12F,0
etaqualone,CCc1ccccc1-n1c(C)nc2ccccc2c1=O,0
nonane,CCCCCCCCC,0
acebrochol,CC(=O)O[C@H]1CC[C@]2(C)C3CC[C@@]4(C)C(CC[C@@H]4[C@H](C)CCCC(C)C)C3C[C@@H](Br)[C@@]2(Br)C1,0
meclorisone,C[C@@H]1C[C@H]2[C@@H]3CCC4=CC(=O)C=C[C@]4(C)[C@@]3(Cl)[C@@H](Cl)C[C@]2(C)[C@@]1(O)C(=O)CO,0
chembl244205,Oc1ccc2c(Oc3ccc(OCCN4CCCCC4)cc3)c(-c3ccc(F)cc3)ccc2c1,0
iclazepam,O=C1CN=C(c2ccccc2)c2cc(Cl)ccc2N1CCOCC1CC1,0
oxymorphone,CN1CCC23c4c5ccc(O)c4OC2C(=O)CCC3(O)C1C5,0
,CC1(C)O[C@H]2C[C@@H]3[C@H]4CCC5=CC(=O)C=C[C@]5(C)[C@@H]4[C@H](O)C[C@]3(C)[C@@]2(C(=O)CO)O1,0
enprazepine,C=C1c2ccccc2CN(CCCN(C)C)c2ccccc21,0
,O=S(=O)(c1ccc2cc[nH]c2c1)N1CCC[C@H]1CCN1CCC(Oc2cccc(Cl)c2)CC1,0
dicethiamine,CCOC(=O)OCC/C(SC(=O)OCC)=C(/C)N(C=O)Cc1cnc(C)nc1N,0
dezocine,C[C@@]12CCCCCC(Cc3ccc(O)cc31)[C@@H]2N,0
zinc1530907,CN1[C@H](CSCC(F)(F)F)Nc2cc(Cl)c(S(N)(=O)=O)cc2S1(=O)=O,0
pemoline,NC1=NC(=O)[C@H](c2ccccc2)O1,0
clocortolone-acetate,CC(=O)OCC(=O)[C@H]1[C@H](C)C[C@H]2[C@@H]3C[C@H](F)C4=CC(=O)C=C[C@]4(C)C3(Cl)[C@@H](O)C[C@@]21C,0
,COc1ccc2c(c1OC)C13CCN(C)C(C2)C1(O)CC[C@H](O)C3,0
tametraline,CN[C@@H]1CC[C@@H](c2ccccc2)c2ccccc21,0
phenazocine,CC1C2Cc3ccc(O)cc3C1(C)CCN2CCc1ccccc1,0
phacetoperane,CC(=O)O[C@@H](c1ccccc1)[C@H]1CCCCN1,0
"(1r,2s)-2-(4-fluorophenyl)cyclopropan-1-amine",N[C@@H]1C[C@H]1c1ccc(F)cc1,0
atropine oxide,C[N+]1([O-])C2CCC1CC(OC(=O)C(CO)c1ccccc1)C2,0
u50488,CN(C(=O)Cc1ccc(Cl)c(Cl)c1)C1CCCC[C@H]1N1CCCC1,0
benztropine (benzatropine),CN1C2CCC1CC(OC(c1ccccc1)c1ccccc1)C2,0
77518-08-2,Cc1cc(N(C)C)ccc1C[C@@H](C)N,0
zinc660,CC[C@H](OC(N)=O)C1CCCCC1,0
etoperidone,CCc1nn(CCCN2CCN(c3cccc(Cl)c3)CC2)c(=O)n1CC,0
butaclamol,CC(C)(C)C1(O)CCN2CC3c4ccccc4CCc4cccc(c43)C2C1,0
ralitoline,Cc1cccc(Cl)c1NC(=O)C=C1SCC(=O)N1C,0
berupipam,CN1CCc2cc(Cl)c(O)cc2[C@@H](c2cc(Br)cc3c2OCC3)C1,0
,CC(=O)OCC(=O)C12OC3(CCCC3)O[C@H]1C[C@H]1[C@@H]3CCC4=CC(=O)C=CC4(C)C3(F)C(O)CC12C,0
"1,3-butadiene (divinyl)",C=CC=C,0
chembl390021,Oc1ccc2c(Oc3ccc(OCCN4CCCCC4)cc3)c(-c3cccc(F)c3)ccc2c1,0
1-(3-fluoropropyl)-2-nitroimidazole (fpn),O=[N+]([O-])c1nccn1CCCF,0
unii-h61chr8d70,CC(C)[C@H](N)C(=O)OC[C@@H](CO)OCn1cnc2c(=O)[nH]c(N)nc21,0
schembl1643537,CCC[C@H](CC)C1(CC)C(=O)NC(=O)NC1=O,0
"3-methoxy-17-methyl-7,8-didehydro-4,5-epoxymorphinan-6-ol",COc1ccc2c3c1OC1C(O)C=CC4C(C2)N(C)CCC341,0
granisetron,CN1C2CCCC1CC(NC(=O)c1nn(C)c3ccccc13)C2,0
lobeline,CN1C(CC(=O)c2ccccc2)CCCC1CC(O)c1ccccc1,0
115103-55-4,Cc1ccsc1C(=CCCN1CCC[C@H](C(=O)O)C1)c1sccc1C,0
bromodiphenhydramine (bromazine),CN(C)CCO[C@@H](c1ccccc1)c1ccc(Br)cc1,0
ribavirin,NC(=O)c1cnn([C@@H]2O[C@H](CO)[C@@H](O)[C@H]2O)n1,0
atenolol ,CC(C)NCC(O)COc1ccc(CC(N)=O)cc1,0
pyrovalerone,CCC[C@H](C(=O)c1ccc(C)cc1)N1CCCC1,0
hydroxyphenamate (oxyfenamate),CCC(O)(COC(N)=O)c1ccccc1,0
levopropoxyphene,CCC(=O)O[C@@](Cc1ccccc1)(c1ccccc1)[C@@H](C)CN(C)C,0
chembl2218915,CCOC(=O)CC(O)CC(O)/C=C/C1=C(c2ccc(F)cc2)c2ccccc2OC12CCCC2,0
tiletamine,CCN[C@]1(c2cccs2)CCCCC1=O,0
,C=C1C[C@@H]2[C@H]3C=CC4=CC(=O)CC[C@@]4(C)[C@H]3[C@@H](O)C[C@@]2(C)[C@]1(O)C(=O)CO,0
clocortolone-pivalate,CC1CC2C3CC(F)C4=CC(=O)C=CC4(C)C3(Cl)C(O)CC2(C)C1C(=O)COC(=O)C(C)(C)C,0
dimethyl terephthalate,COC(=O)c1ccc(C(=O)OC)cc1,0
clofenciclan,CCN(CC)CCOC1(c2ccc(Cl)cc2)CCCCC1,0
alprenolol,C=CCc1ccccc1OCC(O)CNC(C)C,0
,CCCCCCCCCCCCCC(=O)O[C@H]1C=C[C@@H]2C3Cc4ccc(OCc5ccccc5)c5c4C2(CCN3C)[C@@H]1O5,0
n-(2-cyanoethyl)-2-phenylethylamine,CCN(CCC#N)c1ccccc1,0
pazopanib,CC1=c2ccc(N(C)c3ccnc(Cc4ccc(C)c(S(N)(=O)=O)c4)n3)cc2=NC1C,0
etryptamine,CC[C@H](N)Cc1c[nH]c2ccccc12,0
nasalide,CC1(C)OC2CC3C4CC(F)C5=CC(=O)C=CC5(C)C4C(O)CC3(C)C2(C(=O)CO)O1,0
chembl433033,c1ccc([C@H]2CCN(C[C@H]3CCCc4c3ccc3c4OCO3)C2)cc1,0
dihydrocodeine,COc1ccc2c3c1O[C@H]1[C@H](O)CC[C@H]4[C@@H](C2)N(C)CC[C@]341,0
brifentanil,CCn1nnn(CCN2CC[C@@H](N(C(=O)COC)c3ccccc3F)[C@H](C)C2)c1=O,0
barbital,CCC1(CC)C(=O)NC(=O)NC1=O,0
propiomazine,CCC(=O)c1ccc2c(c1)N(CC(C)N(C)C)c1ccccc1S2,0
5-[(1s)-2-(tert-butylamino)-1-hydroxyethyl]-2-hydroxybenzoic acid,CC(C)(C)NC[C@@H](O)c1ccc(O)c(C(=O)O)c1,0
(r)-trimeprazine,C[C@H](CN(C)C)CN1c2ccccc2Sc2ccccc21,0
,COc1ccccc1OCCNC[C@@H](O)OCc1cccc2[nH]c3ccccc3c12,0
b-057,CN(C)Cc1ccc(CSCCNc2[nH]ccc2Cc2ccccc2)o1,0
,CCCCCC(=O)O[C@]1(C(C)=O)CC[C@@H]2[C@@H]3C=CC4=CC(=O)CC[C@]4(C)[C@@H]3CC[C@@]21C,0
chembl432527,CC(C)(C)c1ccc([C@@H](O)CCCN2CCC(C(O)(c3ccccc3)c3ccccc3)CC2)cc1,0
sulpiride,CCN1CCC[C@H]1CNC(=O)c1cc(S(N)(=O)=O)ccc1OC,0
,CC(=O)OCC(=O)[C@@]1(O)[C@@H](OC(C)=O)C[C@H]2[C@@H]3CCC4=CC(=O)C=C[C@]4(C)[C@@]3(F)[C@H](O)C[C@@]21C,0
thiotepa,Cc1ccc(S[C@@H](C)C(=O)N[C@@H]2CC(C)(C)Oc3ccc(C)cc32)cc1,0
,C=C1C[C@H](C)[C@@H]2C3Cc4ccc(O)cc4C2(CCN3CC2CCC2)C1,0
,CC(C)N(CC[C@](C(N)=O)(c1ccccc1)c1cccnc1)C(C)C,0
lopac-t-165,CCN(CC)C(=O)N[C@H]1C[C@H]2c3cccc4[nH]cc(c34)C[C@@H]2N(C)C1,0
aceprometazine,CC(=O)c1ccc2c(c1)N(C[C@H](C)N(C)C)c1ccccc1S2,0
schembl6578223,COc1ccc(-c2nc(-c3cccc(CN(C)C)c3)n(CCO)n2)cc1,0
hydrocortisone-acetate,CC(=O)OCC(=O)[C@@]1(O)CC[C@H]2[C@H]3CCC4=CC(=O)CC[C@@]4(C)[C@H]3[C@H](O)C[C@]21C,0
bromocytisine,O=c1c(Br)ccc2n1CC1CNCC2C1,0
triamcinolone acetonide,CC1(C)O[C@@H]2C[C@H]3[C@@H]4CCC5=CC(=O)C=C[C@]5(C)[C@@]4(F)[C@@H](O)C[C@]3(C)[C@]2(C(=O)CO)O1,0
paramethadione,CCC1(C)OC(=O)N(C)C1=O,0
(s)-crotetamide,C/C=C/C(=O)N(CC)[C@@H](CC)C(=O)N(C)C,0
itraconazole,CCC(C)n1ncn(-c2ccc(N3CCN(c4ccc(OC[C@H]5CO[C@](Cn6cncn6)(c6ccc(Cl)cc6Cl)O5)cc4)CC3)cc2)c1=O,0
,CC(=O)OCC(=O)C1(OC(C)=O)[C@@H](C)C[C@H]2[C@@H]3C[C@H](F)C4=CC(=O)C=CC4(C)C3(F)[C@@H](O)CC21C,0
(+)-ethosuximide,CC[C@@]1(C)CC(=O)NC1=O,0
nebracetam,NCC1CC(=O)N(Cc2ccccc2)C1,0
,CCC(=O)O[C@@]1(C(=O)SC)[C@@H](C)C[C@@H]2[C@H]3C[C@@H](F)C4=CC(=O)C=C[C@@]4(C)[C@]3(F)[C@@H](O)C[C@]21C,0
nealbarbital,C=CCC1(CC(C)(C)C)C(=O)NC(=O)NC1=O,0
zinc27638664,CCCC[C@](C)(O)C/C=C/[C@@H]1[C@H](CCCCCCC(=O)OC)C(=O)C[C@H]1O,0
,CC(=O)OCC(=O)C1(O)CC[C@H]2[C@@H]3CCC4=CC(=O)CCC4(C)C3(F)[C@@H](O)CC21C,0
methamphetamine (pervertin),CNC(C)Cc1ccccc1,0
beclomethasonedipropionate (beclometasone-dipropionate),CCC(=O)OCC(=O)C1(OC(=O)CC)C(C)CC2C3CCC4=CC(=O)C=CC4(C)C3(Cl)C(O)CC21C,0
phenobarbital,CN1CCN(CCCN2c3ccccc3Sc3ccc(Cl)cc32)CC1,0
eprobemide,O=C(NCCCN1CCOCC1)c1ccc(Cl)cc1,0
ethyl acetate,CCOC(C)=O,0
dehydroevodiamine,CN1C2=C3N=c4ccccc4=C3CCN2C(=O)c2ccccc21,0
prednisolone-tebutate,CC(C)(C)CC(=O)OCC(=O)[C@@]1(O)CC[C@H]2[C@@H]3CCC4=CC(=O)C=C[C@]4(C)[C@H]3[C@@H](O)C[C@@]21C,0
metopon,CN1CC[C@]23c4c5ccc(O)c4O[C@@]2(C)C(=O)CC[C@H]3[C@H]1C5,0
pfizer compound 14,COc1cc2c(cc1CNC1CCCNC1c1ccccc1)N(S(C)(=O)=O)C(C)C2,0
(s)-pazinaclone,O=C(C[C@H]1c2ccccc2C(=O)N1c1ccc2ccc(Cl)nc2n1)N1CCC2(CC1)OCCO2,0
hydroxypethidine,CCOC(=O)C1(c2cccc(O)c2)CCN(C)CC1,0
schembl1588339,C=CC[C@H](N)c1ccccc1-c1noc2ccccc12,0
cladribine,COc1ccc(CCCNC(=O)CSCc2cccc(Cl)c2)cc1,0
dipyridamole,OCCN(CCO)c1nc(N2CCCCC2)c2nc(N(CCO)CCO)nc(N3CCCCC3)c2n1,0
nisoxetine,CNCCC(Oc1ccccc1OC)c1ccccc1,0
,CC1(C)O[C@H]2C[C@H]3[C@@H]4C[C@H](F)C5=CC(=O)CCC5(C)[C@H]4[C@@H](O)CC3(C)C2(C(=O)CO)O1,0
nicomorphine,CN1CC[C@]23c4c5ccc(OC(=O)c6cccnc6)c4O[C@H]2[C@@H](OC(=O)c2cccnc2)C=C[C@H]3[C@H]1C5,0
dexmethylphenidate,COC(=O)[C@H](c1ccccc1)[C@H]1CCCCN1,0
7-hydroxy risperidone,Cc1nc2n(c(=O)c1CCN1CCC(c3noc4cc(F)ccc34)CC1)CC(O)CC2,0
benzoylmethylecgonine,COC(=O)[C@@H]1C2CCC(C[C@@H]1OC(=O)c1ccccc1)N2C,0
(r)-pentobarbital,CCC[C@@H](C)C1(CC)C(=O)NC(=O)NC1=O,0
,O=C1CC[C@H](N2C(=O)[C@H]3C4CCC(C4)[C@@H]3C2=O)C(=O)N1,0
tofisoline,CCc1c(C)[n+]([NH-])c(-c2ccc(OC)c(OC)c2)c2cc(OC)c(OC)cc12,0
"(2s,3s)-n-[(2-methyl-6-propan-2-yloxy-1,3-benzothiazol-5-yl)methyl]-2-phenylpiperidin-3-amine",Cc1nc2cc(CN[C@H]3CCCN[C@H]3c3ccccc3)c(OC(C)C)cc2s1,0
trimipramine,C[C@@H](CN(C)C)CN1c2ccccc2CCc2ccccc21,0
ticarcillin,CC1(C)S[C@@H]2[C@@H](NC(=O)[C@H](C(=O)O)c3ccsc3)C(=O)N2C1C(=O)O,0
,CC(=O)OCC1=CO[C@H](OC(=O)CC(C)(C)OC(C)=O)[C@H]2C1=C[C@H](OC(=O)CC(C)C)[C@@]21CO1,0
tixocortol,C[C@@]12CCC(=O)C=C1CC[C@@H]1[C@H]2[C@@H](O)C[C@@]2(C)[C@@H]1CC[C@@]2(O)C(=O)C[S],0
isopropyl acetate,CC(=O)OC(C)C,0
nalmexone,CC(C)=CCN1CC[C@]23c4c5ccc(O)c4O[C@H]2C(=O)CC[C@@]3(O)[C@H]1C5,0
,O=[N+]([O-])C1=CC=N[C@@H]1NCCSCc1ccccn1,0
tert-butylalcohol,CC(C)(C)O,0
xorphanol,C=C1CC(C)C2C3Cc4ccc(O)cc4C2(CCN3CC2CCC2)C1,0
chembl3349881,CC[C@H](C)C(=O)O[C@H]1C[C@H](C)C=C2C=C[C@H](C)[C@H](CC[C@@H]3C[C@@H](O)CC(=O)O3)[C@H]21,0
,CSC(=O)[C@@]1(O)[C@@H](C)C[C@H]2[C@@H]3CCC4=CC(=O)C=C[C@]4(C)[C@@]3(F)[C@H](O)C[C@@]21C,0
chembl400001,CN1C(=O)[C@@H](O)N=C(c2ccccc2Cl)c2cc(Cl)ccc21,0
nitrafudam,N=C(N)c1ccc(-c2ccccc2[N+](=O)[O-])o1,0
buclizine,CC(C)(C)c1ccc(CN2CCN([C@@H](c3ccccc3)c3ccc(Cl)cc3)CC2)cc1,0
,C#C[C@@]1(O)CC[C@@H]2[C@@H]3CC[C@@H]4CC(=O)CCC4=C3[C@H](c3ccc(N(C)C)cc3)C[C@@]21C,0
2-ethoxy-6-fluorophenylboronic acid,CCOc1cccc(F)c1B(O)O,0
tamolarizine,COc1ccc(C(O)CN2CCN(C(c3ccccc3)c3ccccc3)CC2)cc1OC,0
levomethadyl acetate,CC[C@H](OC(C)=O)C(C[C@H](C)N(C)C)(c1ccccc1)c1ccccc1,0
56-29-1,CN1C(=O)NC(=O)C(C)(C2=CCCCC2)C1=O,0
nefiracetam,Cc1cccc(C)c1NC(=O)CN1CCCC1=O,0
zinc4475310,C=CCN1CC[C@@]23c4c5ccc(O)c4O[C@H]2C(=O)CC[C@@]3(O)[C@@H]1C5,0
zinc40163079,CCCCOC[C@@H](CN1C(=O)N(C[C@H](COCCCC)OC(N)=O)C(=O)C(CC)(c2ccccc2)C1=O)OC(N)=O,0
secobarbital,C=CCC1([C@H](C)CCC)C(=O)NC(=O)NC1=O,0
,CCCCC(=O)O[C@@]1(C(=O)CO)CC[C@H]2[C@@H]3C[C@H](F)C4=CC(=O)C=C[C@]4(C)[C@@H]3[C@H](O)C[C@]21C,0
pelrinone,Cc1nc(NCc2cccnc2)c(C#N)c(=O)[nH]1,0
domperidone,O=c1[nH]c2ccccc2n1CCCN1CCC(n2c(=O)[nH]c3cc(Cl)ccc32)CC1,0
dextromoramide (levomoramide and racemoramide),C[C@@H](CN1CCOCC1)C(C(=O)N1CCCC1)(c1ccccc1)c1ccccc1,0
b-096,NC(=O)N1c2ccccc2C2OC2c2ccccc21,0
17-(dimethylaminoethylamino)-17-demethoxygeldamycin,CO[C@H]1/C=C\C=C(/C)C(=O)NC2=CC(=O)C(NCCN(C)C)=C(C[C@H](C)C[C@@H](OC)[C@@H](O)[C@H](C)/C=C(\C)[C@@H]1OC(N)=O)C2=O,0
zinc2009618,COc1ccc(Cl)c2c1CCC[C@H]2N(C)C,0
opipramol,OCCN1CCN(CCCN2c3ccccc3C=Cc3ccccc32)CC1,0
chembl142158,CN(C)Cc1ccccc1Sc1cc(F)c(Cl)cc1N,0
apomorphine_r,CC(C)C(CN1CCCC1)N(C)C(=O)Cc1ccc(Cl)c(Cl)c1,0
atropine,CN1[C@H]2CC[C@@H]1CC(OC(=O)C(CO)c1ccccc1)C2,0
tranylcypromine,N[C@H]1C[C@H]1c1ccccc1,0
tilidine,CCOC(=O)C1(c2ccccc2)CCC=CC1N(C)C,0
brompheniramine,CN(C)CCC(c1ccc(Br)cc1)c1ccccn1,0
bupropion,C[C@H](NC(C)(C)C)C(=O)c1cccc(Cl)c1,0
,CCC(=O)OC1(c2ccccc2)CCN(C)C[C@@H]1CC,0
chembl255025,C[C@@H](CN1CCN(CCOCCO)CC1)CN1c2ccccc2Sc2ccccc21,0
(r)-alpiropride,C=CCN1CCC[C@@H]1CNC(=O)c1cc(S(=O)(=O)NC)c(N)cc1OC,0
halcinonide,CC1(C)O[C@H]2C[C@H]3[C@H]4CCC5=CC(=O)CC[C@@]5(C)[C@@]4(F)[C@H](O)C[C@@]3(C)[C@]2(C(=O)CCl)O1,0
"1,1,2-tribromoethanol",OC(Br)(Br)CBr,0
piminodine,CCOC(=O)C1(c2ccccc2)CCN(CCCNc2ccccc2)CC1,0
chembl70762,O=C(Cc1ccc(Cl)c(Cl)c1)N1CCc2occc2[C@H]1CN1CCCC1,0
methsuximide(mesuximide),CN1C(=O)CC(C)(c2ccccc2)C1=O,0
droperidol,O=C(CCCN1CC=C(n2c(=O)[nH]c3ccccc32)CC1)c1ccc(F)cc1,0
amcinafal,CCC1(CC)O[C@@H]2C[C@H]3C4CCC5=CC(=O)C=CC5(C)[C@@]4(F)[C@@H](O)CC3(C)[C@]2(C(=O)CO)O1,0
1-(4-amino-5-chloro-2-methoxyphenyl)-4-(diethylamino)butan-1-one,CCN(CC)CCCC(=O)c1cc(Cl)c(N)cc1OC,0
zinc169658384,C=C1/C(=C\C=C2/CCC[C@]3(C)[C@@H]2CC[C@H]3[C@@H](C)CCCC(C)C)C[C@H](O)C[C@H]1O,0
dextromethadone,CCC(=O)C(C[C@H](C)N(C)C)(c1ccccc1)c1ccccc1,0
chlorhexadol (chloralodol),C[C@@H](CC(C)(C)O)O[C@H](O)C(Cl)(Cl)Cl,0
schembl2108102,O=C1CN=C(c2ccccc2F)c2cc(Cl)ccc2N1C[C@@H](O)CO,0
isoflurane,FC(F)OC(Cl)C(F)(F)F,0
phenindamine,CN1CCC2=C(C1)C(c1ccccc1)c1ccccc12,0
"(9s,15s)-15-amino-1-methyltricyclo[7.5.1.02,7]pentadeca-2(7),3,5-trien-4-ol",CC12CCCCC[C@@H](Cc3ccc(O)cc31)[C@@H]2N,0
compound 32,O=[N+]([O-])C1=CC=NC1NCCSCc1ccccn1,0
semorphone,COCCN1CC[C@]23c4c5ccc(O)c4O[C@H]2C(=O)CC[C@@]3(O)[C@H]1C5,0
levopromazine,COc1ccc2c(c1)N(CC(C)CN(C)C)c1ccccc1S2,0
unii-2v4m6abh0v,Nc1cc(OCC2CC2)c(C(=O)N[C@@H]2CN3CCC2CC3)cc1Cl,0
,CCC(=O)OC1(c2ccccc2)CCN(C)C[C@@H]1C,0
cloxazolam,O=C1CN2CCOC2(c2ccccc2Cl)c2cc(Cl)ccc2N1,0
cyclosporin a,CC=CCC(C)C(O)C1C(=O)NC(CC)C(=O)N(C)CC(=O)N(C)C(CC(C)C)C(=O)NC(C(C)C)C(=O)N(C)C(CC(C)C)C(=O)NC(C)C(=O)NC(C)C(=O)N(C)C(CC(C)C)C(=O)N(C)C(CC(C)C)C(=O)N(C)C(C(C)C)C(=O)N1C,0
chembl25547,CCN1CCC[C@@H]1CNC(=O)c1c(OC)ccc(Br)c1OC,0
,COc1ccc2c3c1O[C@@H]1C(OC(C)=O)=CC[C@H]4[C@H](C2)N(C)CC[C@@]314,0
rel-pentazocine,CC(C)=CCN1CC[C@@]2(C)c3cc(O)ccc3C[C@@H]1[C@H]2C,0
chembl105013,OCCN1CCN([C@H]2C[C@H](c3ccc(F)cc3)c3ccc(C(F)(F)F)cc32)CC1,0
chembl219060,O=C(OCc1ccccc1)N1CCC(CNc2ccncc2)CC1,0
unii-xm8p5rbs8n,COc1ccc(S(N)(=O)=O)cc1C(=O)NC[C@H]1CCCN1Cc1ccc(F)cc1,0
chembl492193,COc1ccc2c3c1O[C@@H]1C[C@@H](O)C=C[C@@]31CCN(C)C2,0
methylprednisolone,CCN(CC)CCN1C(=O)CN=C(c2ccccc2F)c2cc(Cl)ccc21,0
,CC(C)NCCCOc1cccc(CN2CCCCC2)c1,0
unii-n3o8l7r66h,CC(C)(O)C[C@@](C)(O)c1ccc(Cl)cc1,0
nivazol(nivacortol),C#C[C@]1(O)CC[C@H]2C3CCC4=Cc5c(cnn5-c5ccc(F)cc5)CC4(C)[C@H]3CCC21C,0
sparfloxacin,C[C@H]1CN(c2c(F)c(N)c3c(=O)c(C(=O)O)cn(C4CC4)c3c2F)C[C@@H](C)N1,0
etisulergine,CCN(CC)S(=O)(=O)N[C@H]1C[C@H]2c3cccc4[nH]cc(c34)C[C@H]2N(C)C1,0
,CC(C)C(=O)OCC(=O)C12O[C@@H](C3CCCCC3)O[C@H]1C[C@H]1[C@@H]3CCC4=CC(=O)C=CC4(C)[C@H]3C(O)CC12C,0
,CCCCCC(=O)OCC(=O)C1[C@@H](C)C[C@H]2[C@@H]3C[C@H](F)C4=CC(=O)C=CC4(C)[C@H]3C(O)CC12C,0
cyclopropane (trimethylene),C1CC1,0
zinc1704297,CNCCO[C@@H](c1ccccc1)c1ccccc1C,0
unii-8xqb4do2w9,CC1=Nc2ccccc2C[C@@H](c2ccccc2)N1C,0
sotalol,CCOC[C@]1(CN)[C@H](c2ccc3c(c2)OCO3)[C@@H]1S(C)(=O)=O,0
timobesone,CSC(=O)[C@@]1(O)[C@@H](C)C[C@H]2[C@@H]3CCC4=CC(=O)C=C[C@]4(C)[C@@]3(F)[C@@H](O)C[C@@]21C,0
spiramide,O=C1NCN(c2ccccc2)C12CCN(CCCOc1ccc(F)cc1)CC2,0
velnacrine,Nc1c2c(nc3ccccc13)CCC[C@@H]2O,0
cp-122721,COc1ccc(OC(F)(F)F)cc1CN[C@H]1CCCN[C@@H]1c1ccccc1,0
descinolone (descinolone-acetonide),CC(=O)[C@@]12OC(C)(C)O[C@H]1C[C@H]1[C@H]3CCC4=CC(=O)C=C[C@@]4(C)[C@@]3(F)[C@H](O)C[C@]12C,0
dpdpe,CC1(C)SSC(C)(C)[C@@H](C(=O)O)NC(=O)C(Cc2ccccc2)NC(=O)CNC(=O)[C@@H]1NC(=O)C(N)Cc1ccc(O)cc1,0
nefopam,CN1CCO[C@@H](c2ccccc2)c2ccccc2C1,0
pac-1,C=CCc1cccc(/C=N\NC(=O)CN2CCN(Cc3ccccc3)CC2)c1O,0
toloxatone,Cc1cccc(N2CC(CO)OC2=O)c1,0
,CN1[C@H]2CC[C@H]1CC(OC(=O)C(C)(CO)c1ccccc1)C2,0
(r)-enflurane,FC(F)OC(F)(F)[C@H](F)Cl,0
schembl8844528,O=C1CCC(=O)N1C[C@@H]1CC[C@H]2CN(c3ncccn3)CCN2C1,0
"2-(3,4-dihydronaphthalen-2-ylmethylidene)imidazolidine",C1=C(C=C2NCCN2)CCc2ccccc21,0
,CC1(C)O[C@H]2C[C@H]3[C@@H]4C[C@H](F)C5=CC(=O)C=C[C@]5(C)[C@H]4[C@H](O)C[C@@]3(C)[C@@]2(C(=O)CO)O1,0
pregabalin,CC(C)CC(CN)CC(=O)O,0
halopredone (halopredone-acetate),CC(=O)OCC(=O)[C@]1(OC(C)=O)CC[C@H]2[C@H]3C[C@H](F)C4=CC(=O)C(Br)=C[C@@]4(C)[C@@]3(F)[C@H](O)C[C@]21C,0
cericlamine,CN(C)C(C)(CO)Cc1ccc(Cl)c(Cl)c1,0
chembl213760,CCc1ccc(-n2cnc3c(sc4nccc(N(C)CCc5ccccn5)c43)c2=O)cc1,0
alphaxalone,CC(=O)[C@H]1CC[C@H]2[C@@H]3CC[C@H]4C[C@H](O)CC[C@]4(C)[C@H]3C(=O)C[C@]12C,0
cyanidin 3-o-glucoside,OC[C@H]1OC(OC2=C(c3ccc(O)c(O)c3)OC3C=C(O)C=C(O)C3=C2)[C@H](O)[C@@H](O)[C@@H]1O,0
nuclotixene,Clc1ccc2c(c1)/C(=C\[C@H]1CN3CCC1CC3)c1ccccc1S2,0
azabuperone,O=C(CCCN1CCN2CCCC2C1)c1ccc(F)cc1,0
meprednisone,C[C@H]1C[C@H]2[C@H]3CCC4=CC(=O)C=C[C@@]4(C)[C@H]3C(=O)C[C@@]2(C)[C@@]1(O)C(=O)CO,0
prednisone,C[C@]12CC(=O)[C@H]3[C@@H](CCC4=CC(=O)C=C[C@@]43C)[C@@H]1CCC2(O)C(=O)CO,0
"5-ethyl-5-heptyl-1,3-
diazinane-2,4,6-trione",CCCCCCCC1(CC)C(=O)NC(=O)NC1=O,0
butoctamide,CCCCC(CC)CNC(=O)CC(C)O,0
(r)-oxaflozane,CC(C)N1CCO[C@H](c2cccc(C(F)(F)F)c2)C1,0
linopirdine,O=C1N(c2ccccc2)c2ccccc2C1(Cc1ccncc1)Cc1ccncc1,0
diphenhydramine,CN(C)CCOC(c1ccccc1)c1ccccc1,0
(s)-mephenytoin,CC[C@@]1(c2ccccc2)NC(=O)N(C)C1=O,0
y-g16,NCCc1nccs1,0
tetrabarbital,CCC[C@@H](CC)C1(CC)C(=O)NC(=O)NC1=O,0
crilvastatin,C[C@H]1C[C@@H](OC(=O)[C@@H]2CCC(=O)N2)CC(C)(C)C1,0
bromperidol,O=C(CCN1CCC(O)(c2ccc(Br)cc2)CC1)c1ccc(F)cc1,0
chembl142149,c1ccc(NCCCOc2cccc(CN3CCCCC3)c2)nc1,0
1-bromopropane (n- propylbromide),CCCBr,0
,CCC(=O)OCC(=O)C12OC(C)(C)O[C@H]1C[C@H]1[C@@H]3C[C@H](F)C4=CC(=O)C=CC4(C)C3(F)C(O)CC12C,0
(r)-7-(4-fluorobenzylamino)-8-methylnonanoic acid,CC(C)[C@@H](CCCCCC(=O)O)NCc1ccc(F)cc1,0
amcinafide,C[C@]1(c2ccccc2)O[C@H]2C[C@H]3[C@H]4CCC5=CC(=O)C=C[C@@]5(C)[C@@]4(F)[C@H](O)C[C@@]3(C)[C@]2(C(=O)CO)O1,0
unii-6c18xmp3df,N#CCCN1C(=O)[C@@H](O)N=C(c2ccccc2F)c2cc(Cl)ccc21,0
pregabalin,CC(C)C[C@@H](CN)CC(=O)O,0
pipotiazine,CN(C)S(=O)(=O)c1ccc2c(c1)N(CCCN1CCC(CCO)CC1)c1ccccc1S2,0
,C[C@H]1C[C@@H]2CCC[C@](N3CC[C@H]3C(=O)O)(C1)C2,0
thozalinone,CN(C)C1=NC(=O)C(c2ccccc2)O1,0
clothixamide,CNC(=O)CCN1CCN(CC/C=C2\c3ccccc3Sc3ccc(Cl)cc32)CC1,0
levofacetoperane,CC(=O)OC(c1ccccc1)C1CCCCN1,0
emylcamate,CCC(C)(CC)OC(N)=O,0
gepirone,CC1(C)CC(=O)N(CCCCN2CCN(c3ncccn3)CC2)C(=O)C1,0
,CN(C)C(=O)C1=N[C@@H](CNC(=O)CN)N(c2ccc(Cl)cc2C(=O)c2ccccc2Cl)N1,0
domoprednate,CCCC(=O)O[C@]1(C(C)=O)CCC[C@H]2[C@H]3CCC4=CC(=O)C=C[C@@]4(C)[C@H]3[C@H](O)C[C@]21C,0
rolicyprine,O=C1CC[C@H](C(=O)N[C@H]2C[C@H]2c2ccccc2)N1,0
diclometide,CCN(CC)CCNC(=O)c1cc(Cl)cc(Cl)c1OC,0
chembl1935437,Fc1ccc(Cn2c([C@@H]3CCCNC3)nc3ccccc32)cc1,0
propoxyphene,CCC(=O)OC(Cc1ccccc1)(c1ccccc1)[C@H](C)CN(C)C,0
fluovitef,CC1(C)OC2CC3C4CC(F)C5=CC(=O)C=CC5(C)C4(F)C(O)CC3(C)C2(C(=O)CO)O1,0
ioflupane,COC(=O)C1C(c2ccc(I)cc2)CC2CCC1N2CCCF,0
apomorphine_r,CN1CCc2cccc3c2C1Cc1ccc(O)c(O)c1-3,0
ornidazole,Cc1ncc([N+](=O)[O-])n1CC(O)CCl,0
hydrocodone,COc1ccc2c3c1O[C@H]1C(=O)CC[C@H]4[C@@H](C2)N(C)CC[C@]314,0
ketazocine,C[C@H]1[C@H]2C(=O)c3ccc(O)cc3[C@@]1(C)CCN2CC1CC1,0
ciclopramine,CNC1CCN2c3ccccc3CCc3cccc1c32,0
famotidine,CC1CCN(c2ccc([C@@H](C)NC(=O)CCSc3ccccc3)cc2)CC1,0
145148-39-6,COc1ccccc1CNC1CCCNC1c1ccccc1,0
minaxolone,CCO[C@H]1C[C@@]2(C)[C@@H](CC[C@@H]3[C@H]2[C@H](N(C)C)C[C@]2(C)[C@H](C(C)=O)CC[C@H]32)C[C@@H]1O,0
,CN(C)Cc1ccc(CSCCNc2cc(Cc3ccccc3)c[nH]2)o1,0
,CSC(=O)[C@]1(OC(C)=O)[C@@H](C)C[C@@H]2[C@H]3CCC4=CC(=O)C=C[C@@]4(C)[C@]3(F)[C@@H](O)C[C@]21C,0
diflucortolone,C[C@@H]1C[C@H]2C3C[C@H](F)C4=CC(=O)C=C[C@]4(C)[C@@]3(F)[C@@H](O)C[C@]2(C)[C@H]1C(=O)CO,0
,CCN(CC)C/C=C(\O)N1c2ccccc2Sc2ccc(C(F)(F)F)cc21,0
benztropine,CN1[C@H]2CC[C@@H]1CC(OC(c1ccccc1)c1ccccc1)C2,0
cloxypendyl,OCCN1CCN(CCCN2c3ccccc3Sc3cc(Cl)cnc32)CC1,0
,C[C@@H]1OC2(CCCC[C@@H]2Oc2cccc(Cl)c2)NC1=O,0
normorphine,Oc1ccc2c3c1O[C@@H]1[C@@H](O)C=C[C@H]4[C@@H](C2)NCC[C@@]314,0
mecoprop,Cc1cc(Cl)ccc1OC(C)C(=O)O,0
zinc426,COc1ccc(Cl)c2c1CCC[C@@H]2N(C)C,0
methylprednisolone hemisuccinate,C[C@H]1C[C@H]2[C@@H]3CC[C@](O)(C(=O)COC(=O)CCC(=O)O)[C@@]3(C)C[C@H](O)[C@@H]2[C@@]2(C)C=CC(=O)C=C12,0
104617-86-9,CCCNC1CCc2nc(N)sc2C1,0
(r)-bromisoval,CC(C)[C@@H](Br)C(=O)NC(N)=O,0
(2s)-tifluadom,CN1c2ccccc2C(c2ccccc2F)=NC[C@@H]1CNC(=O)c1ccsc1,0
,CC12CCC(=O)C=C1CC[C@H]1[C@@H]3CCC(O)(C(=O)CO)C3(C)C[C@H](O)C12F,0
pramipexole,CCCN[C@H]1CCc2nc(N)sc2C1,0
thialbarbital,C=CCC1([C@@H]2C=CCCC2)C(=O)NC(=S)NC1=O,0
melitracen,CN(C)CCC=C1c2ccccc2C(C)(C)c2ccccc21,0
zinc2007119,CN(C)[C@@H]1CCc2[nH]c3c(F)cc(F)cc3c2C1,0
flumoxonide,COC(OC)C(=O)[C@@]12OC(C)(C)O[C@H]1C[C@H]1[C@H]3C[C@H](F)C4=CC(=O)C=C[C@@]4(C)[C@@]3(F)[C@H](O)C[C@]12C,0
iprindole,CN(C)CCCn1c2c(c3ccccc31)CCCCCC2,0
prednylidene,C=C1CC2C3CCC4=CC(=O)C=C[C@]4(C)C3[C@@H](O)C[C@]2(C)[C@@]1(O)C(=O)CO,0
ticabesone (ticabesone-propionate),CCC(=O)O[C@@]1(C(=O)SC)[C@H](C)C[C@H]2[C@H]3C[C@H](F)C4=CC(=O)C=C[C@@]4(C)[C@@]3(F)[C@H](O)C[C@]21C,0
"2-(2,4-difluorophenyl)-1,3-bis(1,3-dihydro-1,2,4-triazol-2-yl)propan-2-ol",OC(CN1CN=CN1)(CN1CN=CN1)c1ccc(F)cc1F,0
phendimetrazine,C[C@H]1[C@H](c2ccccc2)OCCN1C,0
piritramide,N#CC(CCN1CCC(C(N)=O)(N2CCCCC2)CC1)(c1ccccc1)c1ccccc1,0
folic acid,Nc1nc2ncc(CNc3ccc(C(=O)N[C@@H](CCC(=O)O)C(=O)O)cc3)nc2c(=O)[nH]1,0
mptp,CN1CC=C(c2ccccc2)CC1,0
,CCC[C@H]1O[C@H]2C[C@H]3[C@@H]4CCC5=CC(=O)C=CC5(C)[C@H]4C(O)CC3(C)C2(C(=O)CO)O1,0
algestone,CC(=O)[C@@]1(O)[C@H](O)C[C@H]2[C@@H]3CCC4=CC(=O)CC[C@]4(C)[C@H]3CC[C@@]21C,0
zinc1481925,CCC(=O)N1CCN(C(=O)O[C@H]2C3=C(SCCS3)C(=O)N2c2ccc3ccc(Cl)nc3n2)CC1,0
unii-6v73e494fl,O=C1CN2CCO[C@@]2(c2ccccc2F)c2cc(Cl)ccc2N1CCO,0
racemethorphan,COc1ccc2c(c1)[C@@]13CCCC[C@H]1[C@@H](C2)N(C)CC3,0
reboxetine,CCOc1ccccc1OC(c1ccccc1)C1CNCCO1,0
ketoconazole,CC(=O)N1CCN(c2ccc(OC[C@H]3CO[C@](Cn4ccnc4)(c4ccc(Cl)cc4Cl)O3)cc2)CC1,0
rofleponide,CCC[C@H]1O[C@H]2C[C@H]3[C@H]4C[C@H](F)C5=CC(=O)CC[C@@]5(C)[C@@]4(F)[C@H](O)C[C@@]3(C)[C@]2(C(=O)CO)O1,0
chembl222944,Cc1cccc(C)c1NC(=O)[C@@H](C)N,0
dronabinol,CCCCCc1cc(O)c2c(c1)OC(C)(C)[C@@H]1CCC(C)=C[C@@H]21,0
febarbamate,CCCCOCC(CN1C(=O)NC(=O)C(CC)(c2ccccc2)C1=O)OC(N)=O,0
oxisopred,C[C@@]12C=CC(=O)[C@H]1C(=O)CC[C@@H]1[C@H]2[C@@H](O)C[C@@]2(C)[C@@H]1CC[C@@]2(O)C(=O)CO,0
fluocortin,C[C@@H]1CC2C3C[C@H](F)C4=CC(=O)C=C[C@]4(C)C3[C@@H](O)C[C@]2(C)[C@H]1C(=O)C(=O)O,0
chembl1185227,O=C(c1ccc(C(=O)N2CCN(c3ccc(OC4CCN(C5CCC5)CC4)cc3)C(=O)C2)cc1)N1CCC1,0
,CN(C)CCC[C@@H]1c2ccccc2COc2ccccc21,0
trimethoprim,CC1COc2c(N3CCN(C)CC3)c(F)c(C(=O)O)c3c(=O)ccn1c23,0
quinagolide,CCCN1C[C@@H](NS(=O)(=O)N(CC)CC)C[C@@H]2Cc3c(O)cccc3CC21,0
chembl2024515,CS(=O)(=O)NC1CCC(CCN2CCN(c3cccc(Cl)c3Cl)CC2)CC1,0
zinc607947,CN1c2cc(F)ccc2C(c2ccccc2)=NC[C@@H]1CNC(=O)c1ccoc1,0
phentermine,CC(C)(N)Cc1ccccc1,0
56924-65-3,Cc1c(F)c(=O)n(-c2ccccc2)n1C,0
suclofenide,NS(=O)(=O)c1ccc(N2C(=O)CC(c3ccccc3)C2=O)c(Cl)c1,0
112598-49-9,CN(C)Cc1ccnc(-c2cccc(Nc3[nH]ccc3[N+](=O)[O-])c2)c1,0
dextromethorphan,COc1ccc2c(c1)C13CCCCC1C(C2)N(C)CC3,0
etorphine,CCCC(C)(O)C1CC23C=CC1(OC)C1Oc4c(O)ccc5c4C12CCN(C)C3C5,0
nalmefene,C=C1CC[C@@]2(O)[C@H]3Cc4ccc(O)c5c4[C@]2(CCN3CC2CC2)[C@H]1O5,0
flerobuterol,CC(C)(C)NCC(O)c1ccccc1F,0
metaclazepam,COCC1CN=C(c2ccccc2Cl)c2cc(Br)ccc2N1C,0
bremazocine,CC[C@@]12CCN(CC3(O)CC3)[C@@H](Cc3ccc(O)cc31)C2(C)C,0
,C[C@@H]1[C@@H]2Cc3ccc(O)cc3C1(C)CCN2CC1CC1,0
ceftazidime,CC(C)(ON=C(C(=O)NC1C(=O)N2C(C(=O)O)=C(C[n+]3ccccc3)CSC12)c1csc(N)n1)C(=O)O,0
"[(4r,4ar,7r,7ar,12bs)-9-acetyloxy-3-methyl-2,4,4a,7,7a,13-hexahydro-1h-4,12-methanobenzofuro[3,2-e]isoquinolin-7-yl] acetate",CC(=O)Oc1ccc2c3c1O[C@H]1[C@H](OC(C)=O)C=C[C@H]4[C@@H](C2)N(C)CC[C@@]341,0
zinc2015879,CN(C)CCN1C(=O)C[C@@H](c2ccccc2)Sc2ccccc21,0
azipramine,CN(CCc1cc2cccc3c2n1-c1ccccc1CC3)Cc1ccccc1,0
difencloxazine,Clc1ccc([C@@H](OCCN2CCOCC2)c2ccccc2)cc1,0
ceftriaxone,CO/N=C(/C(=O)N[C@@H]1C(=O)N2C(C(=O)O)=C(CSc3nc(=O)c(=O)[nH]n3C)CS[C@H]12)c1csc(N)n1,0
unii-x10241g2na,O=C1CC2(CCCC2)CC(=O)N1CCNC[C@@H]1COc2ccccc2O1,0
gr 89696 (fumarate),COC(=O)N1CCN(C(=O)Cc2ccc(Cl)c(Cl)c2)C(CN2CCCC2)C1,0
alimemazine,CC(CN(C)C)CN1c2ccccc2Sc2ccccc21,0
schembl9044848,O=C(Cc1ccc(Cl)c(Cl)c1)N1CCn2ccnc2C1CN1CCCC1,0
(s)-fenoprofen,C[C@H](C(=O)O)c1cccc(Oc2ccccc2)c1,0
topotecan,CCS(=O)(=O)[C@H]1[C@H](c2ccc3c(c2)OCO3)[C@]1(C#N)COC,0
betahistine,CCOC[C@]1(C#N)[C@@H](S(=O)(=O)c2ccc(Cl)cc2)[C@@H]1c1ccccc1,0
levobetaxolol,CC(C)NC[C@H](O)COc1ccc(CCOCC2CC2)cc1,0
unii-5d18ipq12r,C#C[C@@H](OC(N)=O)c1ccccc1,0
metaxalone,Cc1cc(C)cc(OC[C@H]2CNC(=O)O2)c1,0
"(1s,9s)-5-bromo-7,11-diazatricyclo[7.3.1.02,7]trideca-2,4-dien-6-one",O=c1c(Br)ccc2n1C[C@@H]1CNC[C@@H]2C1,0
schembl18401354,O=[N+]([O-])c1nccn1C[C@H](O)CF,0
nicomorphine,CN1CCC23c4c5ccc(OC(=O)c6cccnc6)c4OC2C(OC(=O)c2cccnc2)C=CC3C1C5,0
risperidone-9-oh,Cc1nc2n(c(=O)c1CCN1CCC(c3coc4cc(F)ccc34)CC1)CCCC2O,0
schembl13026145,CC1CC2C3CC(F)C4=CC(=O)C=CC4(C)C3(Cl)C(O)CC2(C)C1C(=O)CO,0
"pentanamide, 2-ethyl-3-methyl-, (2s,3s)-",CC[C@H](C)[C@H](CC)C(N)=O,0
dextropropoxyphene,CCC(=O)O[C@](Cc1ccccc1)(c1ccccc1)[C@H](C)CN(C)C,0
chembl190860,CN(C)Cc1ccccc1Sc1ccc(F)cc1N,0
hydrocortisoni acetas,CC(=O)OCC(=O)C1(O)CCC2C3CCC4=CC(=O)CCC4(C)C3C(O)CC21C,0
,CC[C@@H]1CC(=O)[C@H]2Oc3c(OC)ccc4c3[C@]23CCN(CC2CC2)[C@@H](C4)[C@@H]13,0
hepp (beta-ethyl-beta-hydroxybenzenepropanamide) (3-hydroxy-3-phenylpentamide),CCC(O)(CC(N)=O)c1ccccc1,0
tixadil,CC(Cc1ccccc1)NCCC1c2ccccc2Sc2ccccc21,0
chembl243571,CN(C)S(=O)(=O)c1ccc(-c2ccc3cc(O)ccc3c2Oc2ccc(OCCN3CCCCC3)cc2)cc1,0
prednicarbate,CCOC(=O)O[C@]1(C(=O)COC(=O)CC)CC[C@H]2[C@@H]3CCC4=CC(=O)C=C[C@]4(C)[C@H]3[C@@H](O)C[C@@]21C,0
ram-327,COc1ccc2c(c1OC)[C@]13CCN(C)[C@H](C2)[C@]1(O)CC[C@H](O)C3,0
carmantadine,O=C(O)[C@H]1CCN1C12CC3CC(CC(C3)C1)C2,0
hydrocortamate,CCN(CC)CC(=O)OCC(=O)[C@@]1(O)CC[C@H]2[C@H]3CCC4=CC(=O)CC[C@@]4(C)[C@H]3[C@H](O)C[C@]21C,0
hydroxyzine,CCS(=O)(=O)[C@H]1[C@@H](C(N)=S)[C@@H]1c1ccc(OC)cc1,0
cropropamide,CC=CC(=O)N(CCC)C(CC)C(=O)N(C)C,0
,Oc1ccc2c(c1)C13CCCC[C@@H]1C(C2)NCC3,0
doxibetasol,CC(=O)[C@@]1(O)[C@@H](C)C[C@H]2[C@H]3CCC4=CC(=O)C=C[C@@]4(C)[C@@]3(F)[C@H](O)C[C@]21C,0
n-acetyl-d-glutamine,CC(=O)N[C@H](CCC(N)=O)C(=O)O,0
tenilapine,CN1CCN(C2=Nc3cscc3/C(=C/C#N)c3cscc32)CC1,0
drocinonide,CC1(C)O[C@@H]2CC3C4CC[C@H]5CC(=O)CC[C@]5(C)[C@@]4(F)[C@@H](O)C[C@]3(C)[C@]2(C(=O)CO)O1,0
,CC(=O)C1(O)[C@@H](C)C[C@H]2[C@@H]3CCC4=CC(=O)C=CC4(C)C3(F)[C@@H](O)CC21C,0
formocortal,CC(=O)OCC(=O)[C@@]12OC(C)(C)O[C@H]1C[C@H]1[C@H]3CC(C=O)=C4C=C(OCCCl)CC[C@@]4(C)[C@@]3(F)[C@H](O)C[C@]12C,0
chembl239299,C[C@@H]1CCCN1CCCOc1ccc(N2CCN(C(=O)c3ccc(F)cc3F)CC2=O)cc1,0
mecloqualone,Cc1nc2ccccc2c(=O)n1-c1ccccc1Cl,0
trebenzomine,CC1Oc2ccccc2CC1N(C)C,0
"(2s,4s,5s,6r)-11-fluoro-4-(hydroxymethyl)-10-imino-3,7-dioxa-1,9-diazatricyclo[6.4.0.02,6]dodeca-8,11-dien-5-ol",N=c1nc2n(cc1F)[C@H]1O[C@@H](CO)[C@H](O)[C@H]1O2,0
schembl19681909,CC1(C)O[C@@H]2CC3C4C[C@H](F)C5=CC(=O)C=C[C@]5(C)C4[C@@H](O)C[C@]3(C)[C@]2(C(=O)CO)O1,0
fosenazide,NNC(=O)CP(=O)(c1ccccc1)c1ccccc1,0
paclitaxel,CC(=O)OC1C(=O)[C@]2(C)[C@@H](O)C[C@H]3OCC3(OC(C)=O)[C@H]2C(OC(=O)c2ccccc2)[C@]2(O)C[C@H](OC(=O)[C@H](O)C(NC(=O)c3ccccc3)c3ccccc3)C(C)=C1C2(C)C,0
quinidine,C=C[C@H]1CN2CC[C@@H]1C[C@@H]2[C@@H](O)c1ccnc2ccc(OC)cc12,0
4-sulfamoylbenzoic acid,NS(=O)(=O)c1ccc(C(=O)O)cc1,0
sulfisomidine,Cc1cc(NS(=O)(=O)c2ccc(N)cc2)nc(C)n1,0
mesoridazine,CN1CCCCC1CCN1c2ccccc2Sc2ccc([S+](C)[O-])cc21,0
fluradoline,CNCCSC1=Cc2cc(F)ccc2Oc2ccccc21,0
7-k08,O=C1CCCN1CCCCN1CCN(c2cc(C(F)(F)F)cc(Cl)n2)CC1,0
unii-67x231s15e,CN(C)[C@](C)(CO)Cc1ccc(Cl)c(Cl)c1,0
,CCN(CC)CC(=O)OCC(=O)[C@@]1(O)CC[C@H]2[C@@H]3CCC4=CC(=O)C=C[C@@]4(C)[C@H]3[C@H](O)C[C@@]21C,0
"(3s,11bs)-tetrabenazine",COc1cc2c(cc1OC)[C@@H]1CC(=O)[C@@H](CC(C)C)CN1CC2,0
iomazenil,CCOC(=O)c1ncn2c1CN(C)C(=O)c1c(I)cccc1-2,0
octamoxin,CCCCCC[C@H](C)NN,0
,CN(C)Cc1ccc(-c2cccc(N[C@H]3N=CC=C3[N+](=O)[O-])c2)o1,0
bbcpd21,O=C(NCCCOc1cccc(CN2CCCCC2)c1)c1ccccc1,0
,CCC1(O)C[C@H]2CN(CCc3c([nH]c4ccccc34)C(C(=O)OC)(c3cc4c(cc3OC)N(C)[C@@H]3C(O)(C(=O)OC)[C@@H](OC(C)=O)C5(CC)C=CCN6CCC43[C@H]65)C2)C1,0
amoxapine,Clc1ccc2c(c1)C(N1CCNCC1)=Nc1ccccc1O2,0
tampramine,CN(C)CCCN1c2ccccc2C(c2ccccc2)=Nc2cccnc21,0
bromocriptine,CC(C)CC1C(=O)N2CCC[C@H]2C2O[C@](NC(=O)[C@@H]3C=C4c5cccc6[nH]c(Br)c(c56)C[C@H]4N(C)C3)(C(C)C)C(=O)N12,0
(s)-carbenzide,CCOC(=O)NN[C@@H](C)c1ccccc1,0
105601-20-5,CCN(C)C(=O)Oc1cccc(C(C)N(C)C)c1,0
zinc33854788,CC[C@@H](OC(N)=O)C1CCCCC1,0
alfadolonum [inn-latin],CC12CC(=O)[C@H]3C(CC[C@H]4C[C@H](O)CCC43C)[C@@H]1CCC2C(=O)CO,0
butyl acetate,CCCCOC(C)=O,0
pd 117302,CN(C(=O)Cc1cccc2sccc12)[C@@H]1CCCC[C@H]1N1CCCC1,0
betamethasone-acibutate,CC(=O)OCC(=O)C1(OC(=O)C(C)C)C(C)CC2C3CCC4=CC(=O)C=CC4(C)C3(F)C(O)CC21C,0
,NC1=NC(=O)N([C@H]2CS[C@H](CO)O2)CC1,0
,Oc1ccc2c(c1)C13CCCC[C@@H]1C(C2)N(CCc1ccccc1)CC3,0
(s)-hexobarbital,CN1C(=O)NC(=O)[C@](C)(C2=CCCCC2)C1=O,0
erizepine,CN1CCC2=C(CC1)c1ccccc1N(C)c1ccccc12,0
molindone,CCc1c(C)[nH]c2c1C(=O)[C@H](CN1CCOCC1)CC2,0
(r)-ketoprofen,C[C@@H](C(=O)O)c1cccc(C(=O)c2ccccc2)c1,0
,COc1ccc2c3c1O[C@@H]1[C@@H](O)CC[C@@H]4C(C2)N(C)CCC341,0
clorethate,O=C(OCC(Cl)(Cl)Cl)OCC(Cl)(Cl)Cl,0
494-97-3,c1cncc([C@@H]2CCCN2)c1,0
terbinafine,COC[C@@]1(C(N)=S)[C@@H](S(C)(=O)=O)[C@@H]1c1ccc2c(c1)OCO2,0
meprednisone,C[C@H]1C[C@H]2[C@@H]3CCC4=CC(=O)C=C[C@]4(C)[C@H]3C(=O)C[C@]2(C)[C@@]1(O)C(=O)CO,0
piflutixol,OCCC1CCN(CCC=C2c3ccc(F)cc3Sc3ccc(C(F)(F)F)cc32)CC1,0
,N#Cc1ccsc1C1=Nc2ccc(Cl)cc2NC(=O)C1,0
mirisetron,CN1[C@H]2CC[C@@H]1CC(NC(=O)c1cn(C3CCCCC3)c3ccccc3c1=O)C2,0
tetrabenazine (tetrabenzine),COc1cc2c(cc1OC)C1CC(=O)C(CC(C)C)CN1CC2,0
ibuprofen ,CC(C)Cc1ccc(C(C)C(=O)O)cc1,0
ralitoline,Cc1cccc(Cl)c1NC(=O)/C=C1\SCC(=O)N1C,0
psorcon,CC(=O)OCC(=O)C1(OC(C)=O)C(C)CC2C3CC(F)C4=CC(=O)C=CC4(C)C3(F)C(O)CC21C,0
pheniprazine,CC(Cc1ccccc1)NN,0
carbon disulfide,S=C=S,0
zinc4213470,NC(N)=NC[C@@H]1COc2ccccc2O1,0
flavopiridol,CN1CCC(c2c(O)cc(O)c3c(=O)cc(-c4ccccc4Cl)oc23)C(O)C1,0
1.1.1.2-tetrachloroethane,ClCC(Cl)(Cl)Cl,0
,CCC1(O)CCN2CCc3ccc(C)cc3[C@@H]2C1,0
fluocinonide,CC(=O)OCC(=O)[C@@]12OC(C)(C)O[C@@H]1C[C@H]1[C@@H]3C[C@H](F)C4=CC(=O)C=C[C@]4(C)[C@@]3(F)[C@@H](O)C[C@@]12C,0
pivoxazepam,CC(C)(C)C(=O)OC1N=C(c2ccccc2)c2cc(Cl)ccc2NC1=O,0
,CC12CCC(=O)C=C1CC[C@@H]1[C@@H]2[C@@H](O)CC2(C)[C@H]1CCC2(O)C(=O)CS,0
,CCCCC(=O)OC1(C(=O)CO)[C@@H](C)C[C@H]2[C@@H]3CCC4=CC(=O)C=CC4(C)C3(F)[C@@H](O)CC21C,0
desvenlafaxine,CN(C)CC(c1ccc(O)cc1)C1(O)CCCCC1,0
clobetasone,C[C@H]1C[C@H]2[C@H]3CCC4=CC(=O)C=C[C@@]4(C)[C@@]3(F)C(=O)C[C@@]2(C)[C@@]1(O)C(=O)CCl,0
furomazine,O=C1OCCC1C1(O)CCN(CCCN2c3ccccc3Sc3ccc(Cl)cc32)CC1,0
1-(8-fluorooctyl)-2-nitroimidazole (fon),O=[N+]([O-])c1nccn1CCCCCCCCF,0
(r)-thalidomide,O=C1CC[C@@H](N2C(=O)c3ccccc3C2=O)C(=O)N1,0
cilomilast,COc1ccc(C2(C#N)CCC(C(=O)O)CC2)cc1OC1CCCC1,0
schembl13576356,CO/N=C(/C(=O)N[C@H]1C(=O)N2C(C(=O)O)=C(COC(C)=O)CS[C@@H]12)c1csc(N)n1,0
mazipredone,CN1CCN(CC(=O)[C@@]2(O)CC[C@H]3[C@@H]4CCC5=CC(=O)C=C[C@]5(C)[C@H]4[C@@H](O)C[C@@]32C)CC1,0
(6s)-3-(carbamoyloxymethyl)-7-[[(2e)-2-(furan-2-yl)-2-methoxyiminoacetyl]amino]-8-oxo-5-thia-1-azabicyclo[4.2.0]oct-2-ene-2-carboxylic acid,CO/N=C(/C(=O)NC1C(=O)N2C(C(=O)O)=C(COC(N)=O)CS[C@@H]12)c1ccco1,0
,C#C[C@@]1(O)C=C[C@@H]2[C@@H]3CCC4=CC(=O)CC[C@@H]4[C@@H]3CC[C@@]21CC,0
trefentanil,CCC(=O)N(c1ccccc1F)C1(c2ccccc2)CCN(CCn2nnn(CC)c2=O)CC1,0
thiamphenicol (racefenicol),CS(=O)(=O)c1ccc([C@H](O)[C@@H](CO)NC(=O)C(Cl)Cl)cc1,0
clorgiline,C#CCN(C)CCCOc1ccc(Cl)cc1Cl,0
acn-036954,C[C@]12C[C@H](O)[C@@]3(F)C(C[C@H](F)C4=CC(=O)C=C[C@@]43C)C1C[C@@H](O)[C@]2(O)C(=O)CO,0
(-)-alpha-tocopherol,Cc1c(C)c2c(c(C)c1O)CC[C@](C)(CCC[C@@H](C)CCC[C@@H](C)CCCC(C)C)O2,0
zinc100232307,NC1[C@@H]2CN(c3nc4c(cc3F)c(=O)c(C(=O)O)cn4-c3ccc(F)cc3F)C[C@@H]12,0
"3-(diethylamino)propyl (1r,2s,4r)-2-phenylbicyclo[2.2.1]heptane-2-carboxylate",CCN(CC)CCCOC(=O)[C@@]1(c2ccccc2)C[C@@H]2CC[C@@H]1C2,0
triclonide,CC1(C)O[C@@H]2C[C@H]3C4C[C@H](F)C5=CC(=O)C=CC5(C)[C@@]4(Cl)[C@@H](Cl)CC3(C)[C@]2(C(=O)CCl)O1,0
trimipramine,COc1ccc2c(c1OC)C(=O)O[C@H]2Nc1ccc2c(c1)COC2=O,0
compound-4h,CCNCc1ccc(C(=O)Nc2cc(C)n(Cc3cc(Cl)ccc3OCC(C)C)n2)cc1,0
chlordiazepoxide,CN(C)c1nsc(N[C@@H](c2cnc3ccccc3c2)C2CC(O)C2)n1,0
doxylamine,CN(C)CCOC(C)(c1ccccc1)c1ccccn1,0
napitane,c1ccc(C2CCN(CC3CCCc4c3ccc3c4OCO3)C2)cc1,0
hydrocortisone-hemisuccinate,CC12CCC(=O)C=C1CCC1C2C(O)CC2(C)C1CCC2(O)C(=O)COC(=O)CCC(=O)O,0
cetotiamine,CCOC(=O)OCC/C(SC(=O)OCC)=C(\C)N(C=O)Cc1cnc(C)nc1N,0
saripidem,CCCC(=O)N(C)Cc1c(-c2ccc(Cl)cc2)nc2ccccn12,0
,Cc1nsc(NS(=O)(=O)c2ccc(N)cc2)c1C,0
flunisolide-acetate,CC(=O)OCC(=O)[C@@]12OC(C)(C)O[C@H]1C[C@H]1[C@H]3C[C@H](F)C4=CC(=O)C=C[C@@]4(C)[C@H]3[C@H](O)C[C@]12C,0
zinc31544969,C[C@@H](Cc1ccccc1)N(C)Cc1ccco1,0
schembl6958891,C1=NC[C@H](CC2=Cc3ccccc3CC2)N1,0
talopram,CNCCCC1(c2ccccc2)OC(C)(C)c2ccccc21,0
etryptamine,CCC(N)Cc1c[nH]c2ccccc12,0
trimethadione,CN1C(=O)OC(C)(C)C1=O,0
schembl19274001,CC(C)(C)[C@@H](O)/C=C\c1ccc2c(c1)OCO2,0
cetohexazine,Cc1cc(C)c(=O)[nH]n1,0
mebutamate,CC[C@H](C)C(C)(COC(N)=O)COC(N)=O,0
d-araboflavin,Cc1cc2nc3c(=O)[nH]c(=O)nc-3n(C[C@@H](O)[C@H](O)[C@H](O)CO)c2cc1C,0
cladribine,Nc1nc(Cl)nc2c1ncn2[C@H]1CC(O)[C@@H](CO)O1,0
topotecan,CC[C@@]1(O)C(=O)OCc2c1cc1n(c2=O)Cc2cc3c(CN(C)C)c(O)ccc3nc2-1,0
chembl343404,COc1ccc(S(C)(=O)=O)cc1CN[C@H]1CCCN[C@H]1c1ccccc1,0
,C[C@@H]1C[C@@H]2[C@H]3C[C@@H](F)C4=CC(=O)C=C[C@@]4(C)[C@]3(F)[C@@H](O)C[C@@]2(C)[C@]1(O)C(=O)SCF,0
"tiotidine (skb10, y-g10)",CN/C(=N\CCSCc1csc(NC(=N)N)n1)NC#N,0
unii-h1c5f0k79e component qmkrartvxmqobw-qmmmgpobsa-n,C[C@@H](c1noc2ccc(Cl)cc12)n1ccnc1,0
(+)-oxaprotiline,CNC[C@@H](O)CC12CCC(c3ccccc31)c1ccccc12,0
(s)-aminoglutethimide,CC[C@@]1(c2ccc(N)cc2)CCC(=O)NC1=O,0
cas-36791-04-5,NC(=O)c1ncn([C@H]2O[C@@H](CO)[C@@H](O)[C@@H]2O)n1,0
triamcinolone-benetonide,C[C@@H](CNC(=O)c1ccccc1)C(=O)OCC(=O)[C@@]12OC(C)(C)O[C@H]1C[C@H]1[C@H]3CCC4=CC(=O)C=C[C@@]4(C)[C@@]3(F)[C@H](O)C[C@]12C,0
prednisone,C[C@@]12C=CC(=O)C=C1CC[C@@H]1[C@H]2C(=O)C[C@@]2(C)[C@@H]1CC[C@@]2(O)C(=O)CO,0
lorcinadol,Clc1ccc(N2CCN(CC=Cc3ccccc3)CC2)nn1,0
dimethindene,CC(C1=C(CCN(C)C)Cc2ccccc21)c1ccccn1,0
arecoline,COC(=O)C1=CCCN(C)C1,0
"(4r,4ar,7ar,12bs)-4a-hydroxy-9-methoxy-3-methyl-2,4,5,6,7a,13-hexahydro-1h-4,12-methanobenzofuro[3,2-e]isoquinolin-7-one",COc1ccc2c3c1O[C@H]1C(=O)CC[C@]4(O)[C@@H](C2)N(C)CC[C@]314,0
,CCCCN1C[C@H]2Cc3cc(OC)c(OC)cc3[C@H]2C1,0
lopirazepam,O=C1Nc2ccc(Cl)nc2C(c2ccccc2Cl)=NC1O,0
(+)-alaproclate,C[C@@H](N)C(=O)OC(C)(C)Cc1ccc(Cl)cc1,0
piquindone,CCc1c(C)[nH]c2c1C(=O)C1CN(C)CCC1C2,0
albendazole,Cc1ccc(S(=O)(=O)[C@H]2[C@H](CN)[C@@H]2c2ccccc2)cc1,0
metitepine(methiothepin),CSc1ccc2c(c1)C(N1CCN(C)CC1)Cc1ccccc1S2,0
fluoxetine,CNCCC(Oc1ccc(C(F)(F)F)cc1)c1ccccc1,0
ricasetron,CN1C2CCC1CC(NC(=O)N1CC(C)(C)c3ccccc31)C2,0
3-methylclonazepam,CC1N=C(c2ccccc2Cl)c2cc([N+](=O)[O-])ccc2NC1=O,0
,CC(=O)[C@]12OC(C)(C)O[C@H]1C[C@@H]1[C@H]3CCC4=CC(=O)CC[C@@]4(C)[C@H]3CC[C@@]12C,0
metronidazole,C[C@@H]1CCCN(c2ccc([C@@H](C)NC(=O)/C(=C/c3ccco3)c3ccccc3)cc2)C1,0
pentane,CCCCC,0
flucloronide (fluclorolone-acetonide),CC1(C)O[C@H]2C[C@H]3[C@H]4C[C@H](F)C5=CC(=O)C=C[C@@]5(C)[C@@]4(Cl)[C@H](Cl)C[C@@]3(C)[C@]2(C(=O)CO)O1,0
gr89696,COC(=O)N1CCN(C(=O)Cc2ccc(Cl)c(Cl)c2)[C@@H](CN2CCCC2)C1,0
145742-01-4,CC(C)(C)c1ccc(OC(F)(F)F)c(CNC2CCCNC2c2ccccc2)c1,0
,CCC[C@@H]1C[C@H](C(=O)N[C@@H]([C@H](C)Cl)[C@@H]2O[C@@H](SC)[C@@H](O)[C@@H](O)[C@@H]2O)N(C)C1,0
dimesone,C[C@H]1C[C@H]2[C@H]3CCC4=CC(=O)C=C[C@@]4(C)[C@@]3(F)[C@H](O)C[C@@]2(C)[C@@]1(C)C(=O)CO,0
pentobarbital,CCC[C@H](C)C1(CC)C(=O)NC(=O)NC1=O,0
,CC(C)(C)CC(=O)OCC(=O)C12OC(C)(C)O[C@H]1C[C@H]1[C@@H]3CC4=CC(=O)C=CC4(C)C3(F)[C@@H](O)CC12C,0
flucytosine,Cc1ccc([C@H](C)NC(=O)CCSc2ccccc2)cc1C,0
zinc252444101,OC[C@H](O)[C@@H]1O[C@@H]2O[C@H](C(Cl)(Cl)Cl)O[C@H]2[C@H]1O,0
hydrocortisone-aceponate,CCC(=O)O[C@]1(C(=O)COC(C)=O)CC[C@H]2[C@H]3CCC4=CC(=O)CC[C@@]4(C)[C@H]3[C@H](O)C[C@]21C,0
fluocortolone,C[C@@H]1C[C@H]2[C@@H]3C[C@H](F)C4=CC(=O)C=C[C@]4(C)[C@H]3[C@@H](O)C[C@]2(C)[C@H]1C(=O)CO,0
67198-19-0,CN(C(=O)Cc1ccc(Cl)c(Cl)c1)[C@H]1CCCC[C@@H]1N1CCCC1,0
84379-13-5,CC(C)(C)OC(=O)c1ncn2c1C1CCCN1C(=O)c1c(Br)cccc1-2,0
alozafone,C[C@@H](CC#N)N(C)CC(=O)N(C)c1ccc(Cl)cc1C(=O)c1ccccc1F,0
tralonide,CC1(C)O[C@@H]2C[C@H]3C4C[C@H](F)C5=CC(=O)C=C[C@]5(C)[C@@]4(Cl)[C@@H](Cl)C[C@]3(C)[C@]2(C(=O)CF)O1,0
ofloxacin,C[C@@H]1COc2c(N3CCN(C)CC3)c(F)c(C(=O)O)c3c(=O)ccn1c23,0
(s)-flurocarazolol,CC(CF)NC[C@H](O)COc1cccc2[nH]c3ccccc3c12,0
,COc1ccc2c3c([nH]c2c1)[C@@H]1C[C@H]2[C@H](C[C@H](OC(=O)c4cc(OC)c(OC)c(OC)c4)[C@H](OC)[C@H]2OC(C)=O)CN1CC3,0
"minokine, mw01-2-069srm",c1ccc(-c2nnc(N3CCN(c4ncccn4)CC3)cc2-c2ccncc2)cc1,0
"3-[1-[3,3-bis(4-fluorophenyl)propyl]piperidin-4-yl]-1h-benzimidazol-2-one",O=c1[nH]c2ccccc2n1C1CCN(CCC(c2ccc(F)cc2)c2ccc(F)cc2)CC1,0
l-hyoscyamine,CN1C2CCC1CC(OC(=O)C(CO)c1ccccc1)C2,0
zinc26892706,C[C@@H](Cc1ccccc1)N[C@H](C#N)c1ccccc1,0
pyridazinone,O=c1cc[nH]nc1,0
zinc31477144,Clc1ccc2c(c1)/C(=C/[C@H]1CN3CCC1CC3)c1ccccc1S2,0
,CCC1=C(C)N(N)C(c2ccc(OC)c(OC)c2)=C2C=C(OC)C(OC)=C[C@@H]21,0
dsstox_cid_28699,CCO[C@H](Cc1ccc(OCCc2ccc(OS(C)(=O)=O)cc2)cc1)C(=O)O,0
chloroprednisone-acetate,CC(=O)OCC(=O)[C@@]1(O)CC[C@H]2[C@H]3C[C@H](Cl)C4=CC(=O)C=C[C@@]4(C)[C@H]3C(=O)C[C@]21C,0
saquinavir,CC(C)(C)NC(=O)[C@@H]1C[C@@H]2CCCC[C@@H]2CN1C[C@@H](O)[C@H](Cc1ccccc1)NC(=O)[C@H](CC(N)=O)NC(=O)c1ccc2ccccc2n1,0
1-(3-chlorophenyl)piperazine,Clc1cccc(N2CCNCC2)c1,0
deserpidine,COC(=O)[C@@H]1[C@@H]2C[C@@H]3c4[nH]c5ccccc5c4CCN3C[C@@H]2C[C@@H](OC(=O)c2cc(OC)c(OC)c(OC)c2)[C@@H]1OC,0
,CCC(=O)OCC(=O)[C@@]1(OC(=O)CC)[C@H](C)C[C@@H]2[C@H]3CCC4=CC(=O)C=C[C@@]4(C)[C@]3(F)[C@@H](O)C[C@@]21C,0
tamoxifen,Cc1ccc(S[C@H](C)C(=O)NCCCc2ccc(OC(C)C)cc2)cc1,0
cp25,CCCCCCn1ccc(=O)c(O)c1C,0
"nitrous oxide, 99%",N#[N+]O,0
tolterodine [inn],Cc1ccc(O)c([C@@H](CCN(C(C)C)C(C)C)c2ccccc2)c1,0
endrysone (endrisone),CC(=O)[C@@H]1CC[C@@H]2[C@@H]3C[C@H](C)C4=CC(=O)C=C[C@]4(C)[C@@H]3[C@@H](O)C[C@]12C,0
,C[C@@H]1C[C@H]2[C@@H]3[C@@H](Cl)CC4=CC(=O)C=C[C@]4(C)[C@H]3[C@@H](O)C[C@@]2(C)[C@]1(O)C(=O)CO,0
,COCCN1CC[C@@]23c4c5ccc(O)c4O[C@H]2C(=O)CC[C@@]3(O)[C@@H]1C5,0
,CC(C)(C)C(=O)SCC(=O)C1(O)CC[C@H]2[C@@H]3CCC4=CC(=O)CCC4(C)[C@H]3[C@@H](O)CC21C,0
pdsp1_001740,CN(C(=O)Cc1ccc(Cl)c(Cl)c1)[C@H]1CC[C@@]2(CCCO2)C[C@H]1N1CCCC1,0
l-trofosfamide,O=[P@@]1(N(CCCl)CCCl)OCCCN1CCCl,0
zinc21981359,Cc1nc2n(c(=O)c1CCN1CCC(c3noc4cc(F)ccc34)CC1)C[C@@H](O)CC2,0
teniposide,CCOc1ccc(CCCNC(=O)[C@H](C)Sc2ccc(C)cc2)cc1,0
thozalinone (tozalinone),CN(C)C1=NC(=O)[C@H](c2ccccc2)O1,0
chembl8197,CN1C2CCC1CC(OC(=O)c1c[nH]c3ccccc13)C2,0
,CC1=CN2C(CC(=O)N(C)C)=C(c3ccc(C)cc3)N[C@@H]2C=C1,0
34933-06-7,COc1ccc(C2Sc3ccccc3N(CCN(C)C)C(=O)C2OC(C)=O)cc1,0
,NC(=O)[C@@H]1c2ccccc2[C@@H]2O[C@@H]2c2ccccc21,0
chlorprothixene,CN(C)CC/C=C1\c2ccccc2Sc2ccc(Cl)cc21,0
amiflamine,Cc1cc(N(C)C)ccc1CC(C)N,0
cyprenorphine,CO[C@@]12C=C[C@@]3(C[C@H]1C(C)(C)O)[C@H]1Cc4ccc(O)c5c4[C@]3(CCN1CC1CC1)[C@@H]2O5,0
tixocortol-pivalate,CC(C)(C)C(=O)SCC(=O)[C@@]1(O)CC[C@H]2[C@H]3CCC4=CC(=O)CC[C@@]4(C)[C@H]3[C@H](O)C[C@]21C,0
brl52656,C=CCN1CCC23CCCCC2C1Cc1ccc(O)cc13,0
prednisolone-tebutate,CC(C)(C)CC(=O)OCC(=O)[C@@]1(O)CC[C@H]2[C@H]3CCC4=CC(=O)C=C[C@@]4(C)[C@H]3[C@H](O)C[C@]21C,0
timirdine,N=C1SCCN1c1ccc(Cl)cc1N,0
chembl4248308,CC1CCN(CCCN2c3ccccc3Sc3ccc(C(F)(F)F)cc32)CC1,0
benzocaine,COCCc1noc([C@H](C)NC(=O)c2ccncc2O)n1,0
carbenzide,CCOC(=O)NNC(C)c1ccccc1,0
delergotrile,CN1CC(CC#N)CC2c3cccc4[nH]cc(c34)CC21,0
gw406381,CCOc1ccc(-c2nn3ncccc3c2-c2ccc(S(C)(=O)=O)cc2)cc1,0
nsc-60600,CN1[C@H]2CC[C@@H]1CC(OC(=O)[C@@H](O)c1ccccc1)C2,0
a-o33,COC1=CC(=O)O[C@H]1[C@@H](O)c1ccccc1Cl,0
mebutamate,CCC(C)C(C)(COC(N)=O)COC(N)=O,0
isobutyl acetate,CC(=O)OCC(C)C,0
clobetasone,C[C@H]1C[C@H]2[C@@H]3CCC4=CC(=O)C=C[C@]4(C)[C@@]3(F)C(=O)C[C@]2(C)[C@@]1(O)C(=O)CCl,0
fenozolone,CCN=C1NC(=O)C(c2ccccc2)O1,0
chembl310696,O=C(O)Cc1ccccc1Nc1ccc(Cl)cc1Cl,0
doxepin,CN(C)CC/C=C1\c2ccccc2COc2ccccc21,0
"3-[(6ar,9r,10as)-7-methyl-6,6a,8,9,10,10a-hexahydro-4h-indolo[4,3-fg]quinolin-9-yl]-1,1-diethylurea",CCN(CC)C(=O)N[C@@H]1C[C@H]2c3cccc4[nH]cc(c34)C[C@H]2N(C)C1,0
guanoxyfen,NC(N)=NCCCOc1ccccc1,0
,CC(=O)[C@@H]1CC[C@H]2[C@@H]3C[C@H](C)C4=CC(=O)C=C[C@@]4(C)[C@H]3[C@@H](O)C[C@]21C,0
clemeprol,CN(C)CC(O)C(c1ccccc1)c1cccc(Cl)c1,0
pinoxepin,OCCN1CCN(CCC=C2c3ccccc3COc3ccc(Cl)cc32)CC1,0
mebanazine,CC(NN)c1ccccc1,0
"1,2,3,4-tetrahydroquinoline",c1ccc2c(c1)CCCN2,0
loreclezole,Cl/C(=C/n1cncn1)c1ccc(Cl)cc1Cl,0
schembl247562,O=C1[C@@H]2[C@H](C(=O)N1CCCCN1CCN(c3ncccn3)CC1)[C@@H]1C=C[C@H]2[C@@H]2C=C[C@H]12,0
,CN1CCC23c4c5ccc(O)c4OC2C(=O)CC[C@@H]3C1C5,0
,CC(=O)OCC(=O)C1(OC(C)=O)CC[C@H]2[C@@H]3C[C@H](F)C4=CC(=O)C(Br)=CC4(C)C3(F)[C@@H](O)CC21C,0
,C[C@H]1C[C@H]2[C@@H]3C[C@H](F)C4=CC(=O)C=CC4(C)C3(F)[C@@H](O)CC2(C)C1(O)C(=O)SCF,0
zinc2015966,S=C1NCC[C@H](COc2ccccc2)O1,0
cyclobarbital,CCC1(C2=CCCCC2)C(=O)NC(=O)NC1=O,0
minaxolone,CCOC1CC2(C)C(CCC3C4CCC(C(C)=O)C4(C)CC(N(C)C)C32)CC1O,0
milnacipran,CCN(CC)C(=O)[C@]1(c2ccccc2)C[C@@H]1CN,0
cyclosporin a,C/C=C/C[C@@H](C)[C@@H](O)[C@H]1C(=O)N[C@@H](CC)C(=O)N(C)CC(=O)N(C)[C@@H](CC(C)C)C(=O)N[C@@H](C(C)C)C(=O)N(C)[C@@H](CC(C)C)C(=O)N[C@@H](C)C(=O)N[C@H](C)C(=O)N(C)[C@@H](CC(C)C)C(=O)N(C)[C@@H](CC(C)C)C(=O)N(C)[C@@H](C(C)C)C(=O)N1C,0
,COP(=O)(C[C@H](c1ccc(Cl)cc1)P(=O)(OC)OC)OC,0
meprodine,CCC(=O)O[C@@]1(c2ccccc2)CCN(C)C[C@@H]1CC,0
ethionamide,CNc1nc(Oc2cccc(Cl)c2F)c(Cl)cc1Cl,0
"3-[(3s,4s)-1,3-dimethyl-4-propylpiperidin-4-yl]phenol",CCC[C@]1(c2cccc(O)c2)CCN(C)C[C@H]1C,0
"(9s,13s)-1,13-dimethyl-10-(2-phenylethyl)-10-azatricyclo[7.3.1.02,7]trideca-2(7),3,5-trien-4-ol",C[C@@H]1[C@@H]2Cc3ccc(O)cc3C1(C)CCN2CCc1ccccc1,0
pheneturide,CCC(C(=O)NC(N)=O)c1ccccc1,0
ticabesone-propionate,CCC(=O)O[C@]1(C(=O)SC)[C@H](C)C[C@H]2[C@@H]3C[C@H](F)C4=CC(=O)C=C[C@]4(C)[C@@]3(F)[C@@H](O)C[C@@]21C,0
pfizer compound 18,COc1ccc(N(c2nc(C)c(C)s2)S(C)(=O)=O)cc1CNC1CCCNC1c1ccccc1,0
,O=C(N[C@H](CO)[C@H](O)C1CCC([N+](=O)[O-])CC1)C(Cl)Cl,0
temazepam,CN1C(=O)C(O)N=C(c2ccccc2)c2cc(Cl)ccc21,0
dichlorisone-acetate,CC(=O)OCC(=O)[C@@]1(O)CCC2C3CCC4=CC(=O)C=CC4(C)[C@@]3(Cl)C(Cl)CC21C,0
resocortol,CCC(=O)C1(O)CCC2C3CCC4=CC(=O)CCC4(C)C3C(O)CC21C,0
savoxepin,N#Cc1ccc2c(c1)C1=C(CCN(CC3CCCC3)CC1)c1ccccc1O2,0
sch-23390,CN1CCc2cc(Cl)c(O)cc2[C@@H](c2ccccc2)C1,0
(s)-bromisoval,CC(C)[C@H](Br)C(=O)NC(N)=O,0
resocortol,CCC(=O)[C@@]1(O)CC[C@H]2[C@@H]3CCC4=CC(=O)CC[C@]4(C)[C@H]3[C@@H](O)C[C@@]21C,0
-,CN(C)Cc1ccc(SCCNc2[nH]cc(Cc3ccccc3)c2[N+](=O)[O-])o1,0
proxorphan,Oc1ccc2c(c1)[C@]13CCN(CC4CC4)[C@H](C2)[C@@H]1CCOC3,0
r82913,CC(C)=CCN1Cc2cc(Cl)cc3[nH]c(=S)n(c23)CC1C,0
razobazam,Cc1[nH]nc2c1N(c1ccccc1)C(=O)CC(=O)N2C,0
bbcpd12 (cimetidine derivative) (skb15),O=[N+]([O-])c1cc[nH]c1NCCSCc1ncccc1Br,0
triamcinolone-hexacetonide,CC(C)(C)CC(=O)OCC(=O)[C@@]12OC(C)(C)O[C@H]1C[C@H]1[C@H]3CC4=CC(=O)C=C[C@@]4(C)[C@@]3(F)[C@H](O)C[C@]12C,0
4-epiminocycline,CN(C)c1ccc(O)c2c1C[C@H]1C[C@H]3[C@@H](N(C)C)C(=O)C(C(N)=O)=C(O)[C@@]3(O)C(=O)C1=C2O,0
"(7as)-4a,9-dihydroxy-3-prop-2-enyl-2,4,5,6,7a,13-hexahydro-1h-4,12-methanobenzofuro[3,2-e]isoquinolin-7-one",C=CCN1CCC23c4c5ccc(O)c4O[C@@H]2C(=O)CCC3(O)C1C5,0
eclanamine,CCC(=O)N(c1ccc(Cl)c(Cl)c1)[C@@H]1CCC[C@H]1N(C)C,0
2-(3-(diisopropylamino)-1-phenylpropyl)-4-(hydroxymethyl)phenyl isobutyrate,CC(C)C(=O)Oc1ccc(CO)cc1C(CCN(C(C)C)C(C)C)c1ccccc1,0
phenyl-salicylate,O=C(O)c1ccccc1Oc1ccccc1,0
zonisamide,Cc1ccc(SCCC(=O)N[C@@H](C)c2ccc(N3CCC[C@@H](C)C3)cc2)cc1,0
ampyzine,CN(C)c1cnccn1,0
choline,C[N+](C)(C)CCO,0
(s)-tamsulosin,CCOc1ccccc1OCCN[C@@H](C)Cc1ccc(OC)c(S(N)(=O)=O)c1,0
chembl1243269,CNC(=O)Oc1ccc2c(c1)[C@@]1(C)CCN(C)[C@@H]1N2C,0
,CC12C=C(Br)C(=O)C=C1[C@@H](F)C[C@H]1[C@@H]3CCC(O)(C(=O)CO)C3(C)C[C@H](O)C12F,0
schembl4111708,Cc1ccc2c(c1)C13CCCCC1C(C2)N(C)CC3,0
homopipramol,OCCN1CCCN(CCCN2c3ccccc3C=Cc3ccccc32)CC1,0
357-70-0,COc1ccc2c3c1OC1CC(O)C=CC31CCN(C)C2,0
dothiepin,CN(C)CC/C=C1/c2ccccc2CSc2ccccc21,0
141060-39-1,O=c1ccc(-c2c(-c3ccccc3)nn3ccccc23)nn1CCN1CCCCC1,0
procaine,CCN(CC)CCOC(=O)c1ccc(N)cc1,0
clothiapine (clotiapine),CN1CCN(C2=Nc3ccccc3Sc3ccc(Cl)cc32)CC1,0
fluperolone acetate,CC(=O)O[C@@H](C)C(=O)[C@@]1(O)CC[C@H]2[C@@H]3CCC4=CC(=O)C=C[C@]4(C)[C@@]3(F)[C@@H](O)C[C@@]21C,0
bromamid,CN(C)C(=O)CCNc1ccc(Br)cc1,0
ciclopramine,CN[C@H]1CCN2c3ccccc3CCc3cccc1c32,0
clotixamide,CNC(=O)CCN1CCN(CC/C=C2/c3ccccc3Sc3ccc(Cl)cc32)CC1,0
tonazocine,CCCCCC(=O)CC[C@@]1(C)[C@H]2Cc3ccc(O)cc3[C@@]1(C)CCN2C,0
,O=C1CC[C@@]2(O)[C@@H]3Cc4ccc(O)c5c4[C@]2(CCN3CC2CC2)[C@@H]1O5,0
rimcazole,C[C@H]1CN(CCCn2c3ccccc3c3ccccc32)C[C@@H](C)N1,0
rofelodine,O=C1CCN=C2CC(c3ccccc3)CN12,0
phenylbutazone,CCCCC1C(=O)N(c2ccccc2)N(c2ccccc2)C1=O,0
,Cc1ccc(S(=O)(=O)NC(=O)N[C@@H]2[C@H]3CC[C@](C)([C@H]2O)C3(C)C)cc1,0
cortisuzol,CC1=C[C@H]2[C@@H]3C[C@@H](C)[C@](O)(C(=O)COC(=O)c4cccc(S(=O)(=O)O)c4)[C@@]3(C)C[C@H](O)[C@@H]2[C@@]2(C)Cc3cnn(-c4ccccc4)c3C=C12,0
fluocinolone-acetonide,CC1(C)O[C@H]2C[C@H]3[C@H]4C[C@H](F)C5=CC(=O)C=C[C@@]5(C)[C@@]4(F)[C@H](O)C[C@@]3(C)[C@]2(C(=O)CO)O1,0
drotebanol,COc1ccc2c(c1OC)C13CCN(C)C(C2)C1(O)CCC(O)C3,0
schembl17256233,O=C1[C@H]2[C@@H]3C=C[C@@H]([C@H]4C=C[C@@H]34)[C@H]2C(=O)N1CCCCN1CCN(c2ncccn2)CC1,0
vinblastine,CC[C@@]1(O)C[C@@H]2CN(CCc3c([nH]c4ccccc34)[C@](C(=O)OC)(c3cc4c(cc3OC)N(C)C3[C@@](O)(C(=O)OC)[C@H](OC(C)=O)[C@]5(CC)C=CCN6CC[C@]43C65)C2)C1,0
ciladopa,COc1ccc(C(O)CN2CCN(c3cccccc3=O)CC2)cc1OC,0
torbugesic,Oc1ccc2c(c1)C13CCCCC1(O)C(C2)N(CC1CCC1)CC3,0
fluotracene,CC1c2ccccc2C(CCCN(C)C)c2cc(C(F)(F)F)ccc21,0
halcinonide,CC1(C)OC2CC3C4CCC5=CC(=O)CCC5(C)C4(F)C(O)CC3(C)C2(C(=O)CCl)O1,0
,C/C=C/[C@@H]1OC2(C(=O)COC(=O)c3ccncc3)CCC3(O1)[C@H]1CCC4=CC(=O)CCC4(C)[C@H]1[C@@H](O)CC23C,0
,CN1CC[C@@]23c4c5ccc(O)c4O[C@@H]2C(=O)CC[C@H]3[C@@H]1C5,0
am-36,CC(C)(C)c1cc(CN2CCN(CC(O)c3ccc(Cl)cc3)CC2)cc(C(C)(C)C)c1O,0
65936-23-4,Cc1cc(Br)cc(C)c1NC1=NCCN1,0
dimelazine,CN1CC[C@](C)(CN2c3ccccc3Sc3ccccc32)C1,0
flutroline,O[C@@H](CCCN1CCc2c(c3cc(F)ccc3n2-c2ccc(F)cc2)C1)c1ccc(F)cc1,0
schembl547392,COC[C@@H]1CN=C(c2ccccc2Cl)c2cc(Br)ccc2N1C,0
trovafloxacin,NC1[C@@H]2CN(c3nc4c(cc3F)c(=O)c(C(=O)O)cn4-c3ccc(F)cc3F)C[C@H]12,0
flupentixol,OCCN1CCN(CC/C=C2\c3ccccc3Sc3ccc(C(F)(F)F)cc32)CC1,0
alpha-(4-pyridyl-1-oxide)-n-tert-butylnitrone,CC(C)(C)[N+](=O)C=C1C=CN([O-])C=C1,0
"(3r,4as,10as)-3-(diethylsulfamoylamino)-6-hydroxy-1-propyl-3,4,4a,5,10,10a-hexahydro-2h-benzo[g]quinoline",CCCN1C[C@H](NS(=O)(=O)N(CC)CC)C[C@@H]2Cc3c(O)cccc3C[C@@H]21,0
,CC(=O)OCC(=O)[C@]12OC(C)(C)O[C@@H]1C[C@H]1[C@@H]3C[C@H](F)C4=CC(=O)C=C[C@]4(C)[C@@]3(F)[C@H](O)C[C@@]12C,0
cc-279,N#CCN[C@@H]1CCc2ccccc21,0
ncgc00016548-01,NC(=O)OC[C@H](O)COc1ccc(Cl)cc1,0
hexapropymate,C#CCC1(OC(N)=O)CCCCC1,0
triamcinolone benetonide,CC(CNC(=O)c1ccccc1)C(=O)OCC(=O)[C@@]12OC(C)(C)O[C@@H]1C[C@H]1[C@@H]3CCC4=CC(=O)C=C[C@]4(C)[C@@]3(F)[C@@H](O)C[C@@]12C,0
pentobarbital,COc1ccc([C@@H]2[C@@H](S(=O)(=O)c3ccc(Cl)cc3)C2(CN)CN)cc1,0
"morpholine, 3-methyl-2-phenyl-, (2s,3r)-",C[C@H]1NCCO[C@H]1c1ccccc1,0
pergolide,CCCN1C[C@@H](CSC)C[C@H]2c3cccc4[nH]cc(c34)C[C@H]21,0
nalbuphine,Oc1ccc2c3c1O[C@@H]1[C@@H](O)CC[C@@]4(O)[C@@H](C2)N(CC2CCC2)CC[C@@]314,0
zinc1708380,CCN[C@@H](Cc1ccccc1)[C@@H]1CCCO1,0
diacetylnalorphine,C=CCN1CC[C@@]23c4c5ccc(OC(C)=O)c4O[C@@H]2[C@@H](OC(C)=O)C=C[C@H]3[C@H]1C5,0
s113 amitryptalline,CN(C)CCCN1c2ccccc2CCC2CCCCCC21,0
brl53080,O=C(Cc1ccc(Cl)c(Cl)c1)N1CCc2ccsc2[C@H]1CN1CCCC1,0
,C[C@H]1C[C@H]2[C@@H]3CC[C@@H](C(=O)O)[C@]3(C)C[C@@H](O)[C@H]2[C@@]2(C)CCC(=O)C=C12,0
flumoxonide,COC(OC)C(=O)C12OC(C)(C)OC1CC1C3CC(F)C4=CC(=O)C=CC4(C)C3(F)C(O)CC12C,0
halopredone(halopredone-acetate),C[C@]12C=C(Br)C(=O)C=C1[C@H](F)C[C@H]1[C@@H]3CCC(O)(C(=O)CO)[C@@]3(C)C[C@H](O)C12F,0
dimesone,C[C@@H]1CC2C3CCC4=CC(=O)C=C[C@]4(C)[C@@]3(F)[C@@H](O)C[C@]2(C)[C@@]1(C)C(=O)CO,0
,CO[C@H]1OC2OC3(CN4CCCCC4)C(O)C[C@@H]([C@@H]2C)[C@H]13,0
loprazolam,CN1CCN(C=C2N=C3CN=C(c4ccccc4Cl)c4cc([N+](=O)[O-])ccc4N3C2=O)CC1,0
sulphur hexafluoride,O=C(Nc1ccc(OC2CCCC2)cc1)c1cc2c(ccc3ccccc32)o1,0
dimeprozan,COc1ccc2c(c1)/C(=C/CCN(C)C)c1ccccc1O2,0
,CCCCCCCCCCCCCCCCCC(=O)OCC(=O)OCC(=O)[C@]1(O)CC[C@H]2[C@@H]3CCC4=CC(=O)C=C[C@@]4(C)[C@H]3[C@@H](O)C[C@]21C,0
clobetasone-butyrate,CCCC(=O)O[C@@]1(C(=O)CCl)[C@H](C)C[C@H]2[C@H]3CCC4=CC(=O)C=C[C@@]4(C)[C@@]3(F)C(=O)C[C@]21C,0
ftormetazine,CN1CCN(CCC(=O)N2c3ccccc3Sc3ccc(C(F)(F)F)cc32)CC1,0
isomethadone,CCC(=O)C(c1ccccc1)(c1ccccc1)[C@H](C)CN(C)C,0
compound 31,O=[N+]([O-])C1=CC=NC1NCCSCc1ncccc1Br,0
metopon,CN1CC[C@@]23c4c5ccc(O)c4O[C@@]2(C)C(=O)CC[C@H]3[C@H]1C5,0
chembl1835949,CC[C@H](C)n1ncn(-c2ccc(N3CCN(c4ccc(OC[C@@H]5CO[C@@](Cn6cncn6)(c6ccc(Cl)cc6Cl)O5)cc4)CC3)cc2)c1=O,0
"(4s,4as,7ar,12br)-3-methyl-2,4,4a,5,6,7,7a,13-octahydro-1h-4,12-methanobenzofuro[3,2-e]isoquinolin-9-ol",CN1CC[C@@]23c4c5ccc(O)c4O[C@@H]2CCC[C@@H]3[C@@H]1C5,0
ketanserin,O=C(c1ccc(F)cc1)C1CCN(CCn2c(=O)[nH]c3ccccc3c2=O)CC1,0
"alpha-(4-pyridyl-1-oxide)-n-tert-
butylnitrone",CC(C)(C)/[N+]([O-])=C\c1cc[n+]([O-])cc1,0
"(4s,4as,7s,7ar,12br)-3-methyl-2,4,4a,7,7a,13-hexahydro-1h-4,12-methanobenzofuro[3,2-e]isoquinoline-7,9-diol",CN1CC[C@@]23c4c5ccc(O)c4O[C@H]2[C@@H](O)C=C[C@@H]3[C@@H]1C5,0
oxisopred,COC(=O)[C@@]1(O)CC[C@H]2C3CCC(=O)C4C(=O)C=CC4(C)[C@H]3C(O)CC21C,0
carbubarb,CCCCC1(CCOC(N)=O)C(=O)NC(=O)NC1=O,0
astemizole,COc1ccc(CCN2CCC(Nc3nc4ccccc4n3Cc3ccc(F)cc3)CC2)cc1,0
,CC1(C)O[C@H]2C[C@@H]3[C@H]4C[C@H](F)C5=CC(=O)C=C[C@@]5(C)[C@]4(Cl)[C@@H](Cl)C[C@@]3(C)[C@@]2(C(=O)CO)O1,0
,COc1ccc2c3c1O[C@@H]1[C@@H](O)C=C[C@@H]4C(C2)N(C)CCC341,0
tizanidine,Clc1ccc2nsnc2c1NC1=NCCN1,0
bdbm86527,CN1CC(NS(=O)(=O)N(C)C)CC2c3cccc4c3c(cn4C)CC21,0
ethomoxane,CCCCNC[C@H]1COc2cccc(OCC)c2O1,0
flutazolam,O=C1CN2CCOC2(c2ccccc2F)c2cc(Cl)ccc2N1CCO,0
"2-(p-methylphenyl)-6-methylimidazo[1,2-a]pyridine 3-(1-(dipropylamino)acetaldehyde)",CCCN(CCC)C(=O)Cc1c(-c2ccc(C)cc2)nc2ccc(C)cn12,0
ketazocine,C[C@H]1[C@H]2C(=O)c3ccc(O)cc3[C@]1(C)CCN2CC1CC1,0
fluoromethalone,CC(=O)C1(O)CCC2C3CC(C)C4=CC(=O)C=CC4(C)C3(F)C(O)CC21C,0
nemonapride,CNc1cc(OC)c(C(=O)NC2CCN(Cc3ccccc3)C2C)cc1Cl,0
isopromethazine,Cc1ccc(OC[C@@H](C)NC(=O)c2cc([N+](=O)[O-])ccc2Cl)cc1,0
protriptyline,CC1CC2C(C(O)CC3(C)C2CCC3(O)C(=O)CO)C2(C)C=CC(=O)C=C12,0
doxefazepam,O=C1C(O)N=C(c2ccccc2F)c2cc(Cl)ccc2N1CCO,0
acetophenazine,CC(=O)c1ccc2c(c1)N(CCCN1CCN(CCO)CC1)c1ccccc1S2,0
unii-8pdi6dy6gv component jejofytvmfvkqa-cqszacivsa-n,O=C1Nc2ccc(Cl)nc2C(c2ccccc2Cl)=N[C@@H]1O,0
unii-63z1842q5i,CN1CC[C@@](C)(CN2c3ccccc3Sc3ccccc32)C1,0
dicarbine,Cc1ccc2c(c1)C1CN(C)CCC1N2,0
nsc 108159,CCN(CC)C(=O)[C@@H]1CN2CCc3cc(OC)c(OC)cc3[C@@H]2C[C@H]1OC(C)=O,0
reserpine,COC(=O)[C@H]1[C@H]2C[C@@H]3c4[nH]c5cc(OC)ccc5c4CCN3C[C@H]2C[C@@H](OC(=O)c2cc(OC)c(OC)c(OC)c2)[C@@H]1OC,0
budesonide,CCCC1O[C@H]2CC3C4CCC5=CC(=O)C=C[C@]5(C)C4[C@@H](O)C[C@]3(C)[C@]2(C(=O)CO)O1,0
flesinoxan,O=C(NCCN1CCN(c2cccc3c2OCC(CO)O3)CC1)c1ccc(F)cc1,0
,CC[C@H](C)Nc1ccc(I)c(N[C@@H](C)CC)c1,0
(+)-bremazocine,CCC12CCN(CC3(O)CC3)[C@@H](Cc3ccc(O)cc31)C2(C)C,0
noxiptiline,CN(C)CCON=C1c2ccccc2CCc2ccccc21,0
aceglutamide,CC(=O)N[C@@H](CCC(N)=O)C(=O)O,0
"3-[[(1s,2s)-1-hydroxy-1-phenylpropan-2-yl]amino]-1-(3-methoxyphenyl)propan-1-one",COc1cccc(C(=O)CCN[C@@H](C)[C@@H](O)c2ccccc2)c1,0
,N#Cc1c(COc2ccccn2)nc(N)nc1-c1ccco1,0
-,O=C(O)c1cc[nH]c1NCCSCc1ncccc1Br,0
,CCOC(=O)OC1(C(=O)OCCl)CC[C@H]2[C@@H]3CCC4=CC(=O)C=CC4(C)[C@H]3C(O)CC21C,0
ramelteon,CCC(=O)NCCC1CCc2ccc3c(c21)CCO3,0
unii-w133552kfe,CCOc1cc(N)c([N+](=O)[O-])cc1C(=O)NC1CCN(C[C@@H]2CC=CCC2)CC1,0
dexoxadrol (dioxadrol and levoxadrol),c1ccc(C2(c3ccccc3)OCC(C3CCCCN3)O2)cc1,0
mianserin,COc1ccc([C@H]2CC(=O)Oc3cc(C)oc(=O)c32)cc1,0
fluprednisolone,C[C@]12C[C@H](O)[C@H]3[C@@H](C[C@H](F)C4=CC(=O)C=C[C@@]43C)[C@@H]1CC[C@]2(O)C(=O)CO,0
quinidine,C=CC1C[C@@H]2CC[C@H]1C[C@@H]2[C@@H](O)c1ccnc2ccc(OC)cc12,0
meperidine,CCOC(=O)C1(c2ccccc2)CCN(C)CC1,0
brosotamide,Cc1cc(Br)cc(C(N)=O)c1O,0
zimeldine,CN(C)C/C=C(/c1ccc(Br)cc1)c1cccnc1,0
fluprednidene,C=C1CC2C3CCC4=CC(=O)C=C[C@]4(C)[C@@]3(F)[C@@H](O)C[C@]2(C)[C@@]1(O)C(=O)CO,0
"[(3as)-3,4,8b-trimethyl-2,3a-dihydro-1h-pyrrolo[2,3-b]indol-7-yl] n-methylcarbamate",CNC(=O)Oc1ccc2c(c1)C1(C)CCN(C)[C@H]1N2C,0
iloperidone,COc1cc(C(C)=O)ccc1OCCCN1CCC(c2noc3cc(F)ccc23)CC1,0
amelometasone,CCC(=O)OC1(C(=O)COC)C(C)CC2C3CCC4=CC(=O)C=CC4(C)C3(F)C(O)CC21C,0
hopantenic acid,CC(C)(CO)[C@@H](O)C(=O)NCCCC(=O)O,0
bupropion,O=C(Cc1ccc(Cl)c(Cl)c1)N1CCCCC1CN1CCCC1,0
fernisone,CC12C=CC(=O)C=C1CCC1C2C(=O)CC2(C)C1CCC2(O)C(=O)CO,0
epicorticosterone,C[C@]12C[C@@H](O)[C@H]3[C@@H](CCC4=CC(=O)CC[C@@]43C)[C@@H]1CC[C@@H]2C(=O)CO,0
methylprednisolone21hemisuccinate (methylprednisolone-hemisuccinate),C[C@H]1C[C@H]2[C@H]3CC[C@@](O)(C(=O)COC(=O)CCC(=O)O)[C@@]3(C)C[C@H](O)[C@H]2[C@@]2(C)C=CC(=O)C=C12,0
unii-3d1adw989q,CN(C)CC[C@H](c1ccccc1)C1CCCCC1,0
propanidid,CCC,0
befloxatone,COC[C@H]1CN(c2ccc(OCC[C@H](O)C(F)(F)F)cc2)C(=O)O1,0
mesulergine,CN1C[C@H](NS(=O)(=O)N(C)C)C[C@H]2c3cccc4c3c(cn4C)C[C@H]21,0
diprenorphine,CO[C@@]12CC[C@@]3(C[C@@H]1C(C)(C)O)[C@H]1Cc4ccc(O)c5c4[C@@]3(CCN1CC1CC1)[C@H]2O5,0
brifentanil,CCn1nnn(CCN2CC[C@H](N(C(=O)COC)c3ccccc3F)[C@H](C)C2)c1=O,0
zetidoline,CC1(C)CN(CCN2CCN(c3cccc(Cl)c3)C2=O)C1,0
femoxetine [inn],COc1ccc(OCC2CN(C)CCC2c2ccccc2)cc1,0
ft-0669272,CCCC(=O)OC1(C(=O)COC(=O)CC)CCC2C3CCC4=CC(=O)CCC4(C)C3C(O)CC21C,0
unii-mp04l9t248,C[C@@H]1NC(=O)CO[C@H]1c1ccccc1,0
triazolam,Cc1nnc2n1-c1ccc(Cl)cc1C(c1ccccc1Cl)=NC2,1
compound 20 [PMID: 35584373],CC1=C(C(=NO1)C2=CC=C(C=C2)F)COC3=NC4=C(CN(CC4)C(=O)CS(=O)(=O)C)C=C3,1
flumazenil,CCOC(=O)c1ncn2c1CN(C)C(=O)c1cc(F)ccc1-2,1
basmisanil,Cc1onc(-c2ccc(F)cc2)c1COc1ccc(C(=O)N2CCS(=O)(=O)CC2)cn1,1
flunitrazepam,CN1C(=O)CN=C(c2ccccc2F)c2cc([N+](=O)[O-])ccc21,1
ONO-8590580,CC1=C(C(=CC2=C1N=CN2CC3CC3)NC4=NC=C(C=C4)C5=CN(C=N5)C)F,1
alprazolam,Cc1nnc2n1-c1ccc(Cl)cc1C(c1ccccc1)=NC2,1
Zn2+,[Zn+2],1
3IA,COC(=O)c1cc(-c2ccc(OC)cc2)c(-c2ccncc2)n(C)c1=O,1
5IA,Cc1cc(-c2nnc3c4ccccc4c(OCc4cn(C)nn4)nn23)no1,1
5-pregnan-3-ol-20-one,CC(=O)[C@H]1CC[C@H]2[C@@H]3CC[C@H]4C[C@H](O)CC[C@]4(C)[C@H]3CC[C@]12C,1
bretazenil,CC(C)(C)OC(=O)c1ncn2c1[C@@H]1CCCN1C(=O)c1c(Br)cccc1-2,1
DMCM,CCC1=C2C3=CC(=C(C=C3NC2=CN=C1C(=O)OC)OC)OC,1
L655708,CC(=O)[C@H]1CC[C@H]2[C@@H]3CC[C@H]4C[C@H](O)CC[C@]4(C)[C@H]3CC[C@]12C,1
L838417,Cn1ncnc1COc1nn2c(-c3cc(F)ccc3F)nnc2cc1C(C)(C)C,1
MRK016,Cc1cc(-c2nncc3c(C(C)(C)C)c(OCc4ncnn4C)nn23)no1,1
ocinaplon,O=C(c1ccccn1)c1cnn2c(-c3ccncc3)ccnc12,1
Ro15-4513,CCOC(=O)c1ncn2c1CN(C)C(=O)c1cc(N=[N+]=[N-])ccc1-2,1
Ro19-4603,CN1Cc2c(C(=O)OC(C)(C)C)ncn2-c2ccsc2C1=O,1
RO4938581,FC(F)c1ncn2c1Cn1ncnc1-c1cc(Br)ccc1-2,1
RY024,C#Cc1ccc2c(c1)C(=O)N(C)Cc1c(C(=O)OC(C)(C)C)ncn1-2,1
tetrahydrodeoxycorticosterone,C[C@]12CC[C@@H](O)C[C@@H]1CC[C@@H]1[C@@H]2CC[C@]2(C)[C@@H](C(=O)CO)CC[C@@H]12,1
TP003,CC(C)(C1=C(C2=NC=C(N2C=C1)C3=CC(=C(C=C3)F)C4=C(C=C(C=C4)F)C#N)F)O,1
TPA023,CCn1ncnc1COc1nn2c(-c3ccccc3F)nnc2cc1C(C)(C)C,1
ZK93426,CCOC(=O)c1ncc2[nH]c3cccc(OC(C)C)c3c2c1C,1
[3H]flunitrazepam,CN1C(=O)CN=C(c2ccccc2F)c2cc([N+](=O)[O-])ccc21,1
[3H]L655708,C[C@]12CC[C@@H](O)C[C@@H]1CC[C@@H]1[C@@H]2CC[C@]2(C)[C@@H](C(=O)CO)CC[C@@H]12,1
[3H]CGS8216,C1=CC=C(C=C1)N2C(=O)C3=C(N2)C4=CC=CC=C4N=C3,1
[11C]flumazenil,CCOC(=O)c1ncn2c1CN(C)C(=O)c1cc(F)ccc1-2,1
[18F]fluoroethylflumazenil,CCOC(=O)C1=C2CN(C(=O)C3=C(N2C=N1)C=CC(=C3)F)CC[18F],1
cenobamate,NC(=O)O[C@@H](Cn1ncnn1)c1ccccc1Cl,1
[3H]Ro154513,CCOC(=O)c1ncn2c1CN(C)C(=O)c1cc(N=[N+]=[N-])ccc1-2,1
amiloride,N=C(N)NC(=O)c1nc(Cl)c(N)nc1N,1
furosemide,NS(=O)(=O)c1cc(C(=O)O)c(NCc2ccco2)cc1Cl,1
PZ-II-029,COC1=CC=C(C=C1)N2C(=O)C3=CN=C4C=C(C=CC4=C3N2)OC,1
LAU159,COc1cccc(-n2nc3c4cc(Cl)ccc4[nH]cc-3c2=O)c1,1
LAU463,COc1ccc(-n2nc3c4ccc(Br)cc4[nH]cc-3c2=O)cc1,1
AZD7325,CCCNC(=O)c1nnc2c(-c3c(F)cccc3OC)cccc2c1N,1
clonazepam,O=C1CN=C(c2ccccc2Cl)c2cc([N+](=O)[O-])ccc2N1,1
diazepam,CC(=O)[C@H]1CC[C@H]2[C@@H]3CC[C@H]4C[C@H](O)CC[C@]4(C)[C@H]3CC[C@]12C,1
zolpidem,Cc1ccc(-c2nc3ccc(C)cn3c2CC(=O)N(C)C)cc1,1
darigabat,CN1C(=O)CN=C(c2ccccc2)c2cc(Cl)ccc21,1
ganaxolone,CC(=O)[C@H]1CC[C@H]2[C@@H]3CC[C@H]4C[C@](C)(O)CC[C@]4(C)[C@H]3CC[C@]12C,1
indiplon,CC(=O)N(C)c1cccc(-c2ccnc3c(C(=O)c4cccs4)cnn23)c1,1
[3H]zolpidem,Cc1ccc(-c2nc3ccc(C)cn3c2CC(=O)N(C)C)cc1,1
etazolate,CN1C(=O)CN=C(c2ccccc2)c2cc(Cl)ccc21,1
